accX,accY,accZ,rotX,rotY,rotZ,graX,graY,graZ,activity
-0.047884032,0.19153613,10.055647,0.0020594886,-0.002094395,0.00012217305,-0.0436,0.192,9.8046,Walking_Type
-0.047884032,0.19153613,10.055647,0.0020594886,-0.002094395,0.00012217305,-0.044,0.192,9.8046,Walking_Type
-0.047884032,0.19153613,10.055647,-0.007696902,-0.004537856,0.00012217305,-0.044,0.192,9.8046,Walking_Type
-0.06703765,0.21068975,9.998186,-0.007696902,-0.004537856,0.00012217305,-0.0431,0.1927,9.8046,Walking_Type
-0.06703765,0.21068975,9.998186,-0.007696902,-0.004537856,0.00012217305,-0.0431,0.1927,9.8046,Walking_Type
-0.06703765,0.21068975,9.998186,-0.007696902,-0.004537856,0.00012217305,-0.0435,0.1935,9.8046,Walking_Type
-0.06703765,0.21068975,9.998186,-0.007696902,-0.004537856,0.00012217305,-0.0431,0.1942,9.8046,Walking_Type
-0.06703765,0.21068975,9.998186,-0.007696902,-0.004537856,0.00012217305,-0.0431,0.1942,9.8046,Walking_Type
-0.06703765,0.21068975,9.998186,-0.007696902,-0.004537856,0.00012217305,-0.041899998,0.1933,9.8046,Walking_Type
-0.06703765,0.21068975,9.998186,-0.007696902,-0.004537856,0.00012217305,-0.041899998,0.1933,9.8046,Walking_Type
-0.06703765,0.21068975,9.998186,-0.007696902,-0.004537856,0.00012217305,-0.0424,0.19229999,9.8046,Walking_Type
-0.06703765,0.21068975,9.998186,0.0020594886,-0.0008726646,0.00012217305,-0.0424,0.19229999,9.8046,Walking_Type
-0.06703765,0.21068975,9.998186,0.0020594886,-0.0008726646,0.00012217305,-0.0437,0.1924,9.8046,Walking_Type
-0.047884032,0.18195933,9.950302,0.0020594886,-0.0008726646,0.00012217305,-0.0437,0.1924,9.8046,Walking_Type
-0.047884032,0.18195933,9.950302,0.0020594886,-0.0008726646,0.00012217305,-0.043199997,0.1924,9.8046,Walking_Type
-0.047884032,0.18195933,9.950302,0.0020594886,-0.0008726646,0.00012217305,-0.043199997,0.1924,9.8046,Walking_Type
-0.047884032,0.18195933,9.950302,0.0020594886,-0.0008726646,0.00012217305,-0.044499997,0.19319999,9.8046,Walking_Type
-0.047884032,0.18195933,9.950302,0.0020594886,-0.0008726646,0.00012217305,-0.044499997,0.19319999,9.8046,Walking_Type
-0.047884032,0.18195933,9.950302,0.0020594886,-0.0008726646,0.00012217305,-0.0431,0.19319999,9.8046,Walking_Type
-0.047884032,0.18195933,9.950302,0.0020594886,-0.0008726646,0.00012217305,-0.0431,0.19319999,9.8046,Walking_Type
-0.047884032,0.18195933,9.950302,0.0020594886,-0.0008726646,0.00012217305,-0.0431,0.19319999,9.8046,Walking_Type
-0.047884032,0.18195933,9.950302,0.0020594886,-0.0008726646,0.00012217305,-0.0436,0.19319999,9.8046,Walking_Type
-0.047884032,0.18195933,9.950302,0.0020594886,-0.0008726646,0.00012217305,-0.0436,0.19319999,9.8046,Walking_Type
-0.05746084,0.19153613,9.998186,0.0020594886,-0.0008726646,0.00012217305,-0.044,0.19319999,9.8046,Walking_Type
-0.05746084,0.19153613,9.998186,0.0020594886,-0.0008726646,0.00012217305,-0.044,0.19319999,9.8046,Walking_Type
-0.05746084,0.19153613,9.998186,0.0020594886,-0.0008726646,0.00012217305,-0.0451,0.19319999,9.8046,Walking_Type
-0.05746084,0.19153613,9.998186,0.0020594886,-0.0008726646,0.00012217305,-0.0451,0.19319999,9.8046,Walking_Type
-0.05746084,0.19153613,9.998186,0.0020594886,-0.0008726646,0.00012217305,-0.0446,0.19319999,9.8046,Walking_Type
-0.05746084,0.19153613,9.998186,0.0020594886,-0.0008726646,0.00012217305,-0.044099998,0.1924,9.8046,Walking_Type
-0.05746084,0.19153613,9.998186,0.0020594886,-0.0008726646,0.00012217305,-0.044099998,0.1924,9.8046,Walking_Type
-0.05746084,0.19153613,9.998186,0.00083775807,-0.0008726646,0.00012217305,-0.0436,0.1908,9.8046,Walking_Type
-0.05746084,0.19153613,9.998186,0.00083775807,-0.0008726646,0.00012217305,-0.043199997,0.191,9.8046,Walking_Type
-0.047884032,0.19153613,9.950302,0.00083775807,-0.0008726646,0.00012217305,-0.043199997,0.191,9.8046,Walking_Type
-0.047884032,0.19153613,9.950302,0.00083775807,-0.0008726646,0.00012217305,-0.0436,0.19029999,9.8047,Walking_Type
-0.047884032,0.19153613,9.950302,0.00083775807,-0.0008726646,0.00012217305,-0.0436,0.19029999,9.8047,Walking_Type
-0.047884032,0.19153613,9.950302,0.00083775807,-0.0008726646,0.00012217305,-0.044,0.19049999,9.8047,Walking_Type
-0.047884032,0.19153613,9.950302,0.00083775807,-0.0008726646,0.00012217305,-0.044,0.19049999,9.8047,Walking_Type
-0.047884032,0.19153613,9.950302,0.00083775807,-0.0008726646,0.00012217305,-0.0435,0.1899,9.8047,Walking_Type
-0.047884032,0.19153613,9.950302,0.00083775807,-0.0008726646,0.00012217305,-0.0435,0.1899,9.8047,Walking_Type
-0.047884032,0.19153613,9.950302,-0.0015882496,-0.0008726646,-0.0010821042,-0.0447,0.1885,9.8047,Walking_Type
-0.047884032,0.19153613,9.950302,-0.0015882496,-0.0008726646,-0.0010821042,-0.0447,0.1885,9.8047,Walking_Type
-0.047884032,0.19153613,9.950302,-0.0015882496,-0.0008726646,-0.0010821042,-0.0442,0.1871,9.8047,Walking_Type
-0.047884032,0.19153613,9.998186,-0.0015882496,-0.0008726646,-0.0010821042,-0.0442,0.1871,9.8047,Walking_Type
-0.047884032,0.19153613,9.998186,-0.0015882496,-0.0008726646,-0.0010821042,-0.048699997,0.1845,9.8047,Walking_Type
-0.047884032,0.19153613,9.998186,-0.0015882496,-0.0008726646,-0.0010821042,-0.048699997,0.1845,9.8047,Walking_Type
-0.047884032,0.19153613,9.998186,-0.0015882496,-0.0008726646,-0.0010821042,-0.0495,0.1845,9.8047,Walking_Type
-0.047884032,0.19153613,9.998186,-0.0015882496,-0.0008726646,-0.0010821042,-0.0495,0.1845,9.8047,Walking_Type
-0.047884032,0.19153613,9.998186,-0.0015882496,-0.0008726646,-0.0010821042,-0.0503,0.1845,9.8047,Walking_Type
-0.047884032,0.19153613,9.998186,-0.0015882496,-0.0008726646,-0.0010821042,-0.0503,0.1845,9.8047,Walking_Type
-0.047884032,0.19153613,9.998186,0.003281219,-0.0008726646,0.00012217305,-0.050899997,0.1853,9.8047,Walking_Type
-0.047884032,0.19153613,9.998186,0.003281219,-0.0008726646,0.00012217305,-0.050899997,0.1853,9.8047,Walking_Type
-0.047884032,0.19153613,9.998186,0.003281219,-0.0008726646,0.00012217305,-0.049,0.18509999,9.8047,Walking_Type
-0.02873042,0.20111294,10.103531,0.003281219,-0.0008726646,0.00012217305,-0.049,0.18509999,9.8047,Walking_Type
-0.02873042,0.20111294,10.103531,0.003281219,-0.0008726646,0.00012217305,-0.049,0.18419999,9.8047,Walking_Type
-0.02873042,0.20111294,10.103531,0.003281219,-0.0008726646,0.00012217305,-0.049,0.18419999,9.8047,Walking_Type
-0.02873042,0.20111294,10.103531,0.003281219,-0.0008726646,0.00012217305,-0.050499998,0.18329999,9.8048,Walking_Type
-0.02873042,0.20111294,10.103531,0.003281219,-0.0008726646,0.00012217305,-0.050499998,0.18329999,9.8048,Walking_Type
-0.02873042,0.20111294,10.103531,0.003281219,-0.0008726646,0.00012217305,-0.0495,0.18329999,9.8048,Walking_Type
-0.02873042,0.20111294,10.103531,0.003281219,-0.0008726646,0.00012217305,-0.0495,0.18329999,9.8048,Walking_Type
-0.02873042,0.20111294,10.103531,-0.00036651915,-0.002094395,0.00012217305,-0.051,0.184,9.8047,Walking_Type
-0.02873042,0.20111294,10.103531,-0.00036651915,-0.002094395,0.00012217305,-0.0499,0.1847,9.8047,Walking_Type
-0.076614454,0.20111294,10.093954,-0.00036651915,-0.002094395,0.00012217305,-0.0499,0.1847,9.8047,Walking_Type
-0.076614454,0.20111294,10.093954,-0.00036651915,-0.002094395,0.00012217305,-0.0499,0.1847,9.8047,Walking_Type
-0.076614454,0.20111294,10.093954,-0.00036651915,-0.002094395,0.00012217305,-0.048899997,0.1845,9.8047,Walking_Type
-0.076614454,0.20111294,10.093954,-0.00036651915,-0.002094395,0.00012217305,-0.048899997,0.1845,9.8047,Walking_Type
-0.076614454,0.20111294,10.093954,-0.00036651915,-0.002094395,0.00012217305,-0.0488,0.18509999,9.8047,Walking_Type
-0.076614454,0.20111294,10.093954,-0.00036651915,-0.002094395,0.00012217305,-0.0471,0.1849,9.8047,Walking_Type
-0.076614454,0.20111294,10.093954,-0.00036651915,-0.002094395,0.00012217305,-0.0471,0.1849,9.8047,Walking_Type
-0.076614454,0.20111294,10.093954,-0.00036651915,-0.002094395,0.00012217305,-0.047199998,0.1846,9.8047,Walking_Type
-0.076614454,0.20111294,10.093954,-0.00036651915,-0.002094395,0.00012217305,-0.047199998,0.1846,9.8047,Walking_Type
-0.076614454,0.20111294,10.093954,-0.00036651915,-0.002094395,0.00012217305,-0.0464,0.18519999,9.8047,Walking_Type
-0.047884032,0.20111294,10.065224,-0.00036651915,-0.002094395,0.00012217305,-0.0464,0.18519999,9.8047,Walking_Type
-0.047884032,0.20111294,10.065224,-0.00036651915,-0.002094395,0.00012217305,-0.0457,0.1857,9.8047,Walking_Type
-0.047884032,0.20111294,10.065224,-0.00036651915,-0.002094395,0.00012217305,-0.0457,0.1857,9.8047,Walking_Type
-0.047884032,0.20111294,10.065224,-0.00036651915,-0.002094395,0.00012217305,-0.0457,0.1857,9.8047,Walking_Type
-0.047884032,0.20111294,10.065224,-0.00036651915,-0.002094395,0.00012217305,-0.0458,0.18699999,9.8047,Walking_Type
-0.047884032,0.20111294,10.065224,-0.00036651915,-0.002094395,0.00012217305,-0.0444,0.1873,9.8047,Walking_Type
-0.047884032,0.20111294,10.065224,-0.00036651915,-0.002094395,0.00012217305,-0.0444,0.1873,9.8047,Walking_Type
-0.047884032,0.20111294,10.065224,0.00083775807,-0.002094395,0.00012217305,-0.0438,0.18679999,9.8047,Walking_Type
-0.047884032,0.20111294,10.065224,0.00083775807,-0.002094395,0.00012217305,-0.0438,0.18689999,9.8047,Walking_Type
-0.047884032,0.20111294,10.065224,0.00083775807,-0.002094395,0.00012217305,-0.0438,0.18689999,9.8047,Walking_Type
-0.047884032,0.20111294,10.04607,0.00083775807,-0.002094395,0.00012217305,-0.044999998,0.1856,9.8047,Walking_Type
-0.047884032,0.20111294,10.04607,0.00083775807,-0.002094395,0.00012217305,-0.045199998,0.1853,9.8047,Walking_Type
-0.047884032,0.20111294,10.04607,0.00083775807,-0.002094395,0.00012217305,-0.045199998,0.1853,9.8047,Walking_Type
-0.047884032,0.20111294,10.04607,0.00083775807,-0.002094395,0.00012217305,-0.0446,0.1858,9.8047,Walking_Type
-0.047884032,0.20111294,10.04607,0.00083775807,-0.002094395,0.00012217305,-0.0446,0.1858,9.8047,Walking_Type
-0.047884032,0.20111294,10.04607,0.00083775807,-0.002094395,0.00012217305,-0.0424,0.1854,9.8048,Walking_Type
-0.047884032,0.20111294,10.04607,0.00083775807,-0.002094395,0.00012217305,-0.0424,0.1854,9.8048,Walking_Type
-0.047884032,0.20111294,10.04607,0.047263514,0.00033161257,0.00012217305,-0.0444,0.18879999,9.8047,Walking_Type
-0.047884032,0.20111294,10.04607,0.047263514,0.00033161257,0.00012217305,-0.0444,0.18879999,9.8047,Walking_Type
-0.02873042,0.19153613,10.0269165,0.047263514,0.00033161257,0.00012217305,-0.0464,0.1901,9.8046,Walking_Type
-0.02873042,0.19153613,10.0269165,0.047263514,0.00033161257,0.00012217305,-0.0464,0.1901,9.8046,Walking_Type
-0.02873042,0.19153613,10.0269165,0.047263514,0.00033161257,0.00012217305,-0.0424,0.18699999,9.8047,Walking_Type
-0.02873042,0.19153613,10.0269165,0.047263514,0.00033161257,0.00012217305,-0.0424,0.18699999,9.8047,Walking_Type
-0.02873042,0.19153613,10.0269165,0.047263514,0.00033161257,0.00012217305,-0.042799998,0.1899,9.8047,Walking_Type
-0.02873042,0.19153613,10.0269165,0.047263514,0.00033161257,0.00012217305,-0.042799998,0.1899,9.8047,Walking_Type
-0.02873042,0.19153613,10.0269165,0.047263514,0.00033161257,0.00012217305,-0.0449,0.1916,9.8046,Walking_Type
-0.02873042,0.19153613,10.0269165,0.0045029493,-0.002094395,-0.0010821042,-0.0449,0.1916,9.8046,Walking_Type
-0.02873042,0.19153613,10.0269165,0.0045029493,-0.002094395,-0.0010821042,-0.040999997,0.19229999,9.8046,Walking_Type
-0.02873042,0.19153613,10.0269165,0.0045029493,-0.002094395,-0.0010821042,-0.040999997,0.19229999,9.8046,Walking_Type
-0.076614454,0.22026655,10.0269165,0.0045029493,-0.002094395,-0.0010821042,-0.0424,0.19389999,9.8046,Walking_Type
-0.076614454,0.22026655,10.0269165,0.0045029493,-0.002094395,-0.0010821042,-0.0429,0.1954,9.8046,Walking_Type
-0.076614454,0.22026655,10.0269165,0.0045029493,-0.002094395,-0.0010821042,-0.0429,0.1954,9.8046,Walking_Type
-0.076614454,0.22026655,10.0269165,0.0045029493,-0.002094395,-0.0010821042,-0.0392,0.19659999,9.8045,Walking_Type
-0.076614454,0.22026655,10.0269165,0.0045029493,-0.002094395,-0.0010821042,-0.0392,0.19659999,9.8045,Walking_Type
-0.076614454,0.22026655,10.0269165,0.0045029493,-0.002094395,-0.0010821042,-0.0416,0.1979,9.8045,Walking_Type
-0.076614454,0.22026655,10.0269165,0.0045029493,-0.002094395,-0.0010821042,-0.0416,0.1979,9.8045,Walking_Type
-0.076614454,0.22026655,10.0269165,0.00083775807,-0.002094395,0.00012217305,-0.0405,0.1982,9.8045,Walking_Type
-0.076614454,0.22026655,10.0269165,0.00083775807,-0.002094395,0.00012217305,-0.0405,0.1982,9.8045,Walking_Type
-0.05746084,0.21068975,10.065224,0.00083775807,-0.002094395,0.00012217305,-0.0411,0.19749999,9.8045,Walking_Type
-0.05746084,0.21068975,10.065224,0.00083775807,-0.002094395,0.00012217305,-0.0411,0.19759999,9.8045,Walking_Type
-0.05746084,0.21068975,10.065224,0.00083775807,-0.002094395,0.00012217305,-0.0411,0.19759999,9.8045,Walking_Type
-0.05746084,0.21068975,10.065224,0.00083775807,-0.002094395,0.00012217305,-0.0409,0.1996,9.8045,Walking_Type
-0.05746084,0.21068975,10.065224,0.00083775807,-0.002094395,0.00012217305,-0.0409,0.1996,9.8045,Walking_Type
-0.05746084,0.21068975,10.065224,0.00083775807,-0.002094395,0.00012217305,-0.040599998,0.2004,9.8045,Walking_Type
-0.05746084,0.21068975,10.065224,0.00083775807,-0.002094395,0.00012217305,-0.0412,0.1997,9.8045,Walking_Type
-0.05746084,0.21068975,10.065224,0.003281219,-0.0008726646,-0.0010821042,-0.0426,0.1998,9.8045,Walking_Type
-0.05746084,0.21068975,10.065224,0.003281219,-0.0008726646,-0.0010821042,-0.0426,0.1998,9.8045,Walking_Type
-0.05746084,0.21068975,10.065224,0.003281219,-0.0008726646,-0.0010821042,-0.0414,0.2007,9.8045,Walking_Type
-0.05746084,0.21068975,10.036493,0.003281219,-0.0008726646,-0.0010821042,-0.0414,0.2007,9.8045,Walking_Type
-0.05746084,0.21068975,10.036493,0.003281219,-0.0008726646,-0.0010821042,-0.0411,0.2024,9.8043995,Walking_Type
-0.05746084,0.21068975,10.036493,0.003281219,-0.0008726646,-0.0010821042,-0.0411,0.2024,9.8043995,Walking_Type
-0.05746084,0.21068975,10.036493,0.003281219,-0.0008726646,-0.0010821042,-0.041699998,0.2023,9.8043995,Walking_Type
-0.05746084,0.21068975,10.036493,0.003281219,-0.0008726646,-0.0010821042,-0.041699998,0.2023,9.8043995,Walking_Type
-0.05746084,0.21068975,10.036493,0.003281219,-0.0008726646,-0.0010821042,-0.0414,0.2013,9.8043995,Walking_Type
-0.05746084,0.21068975,10.036493,0.003281219,-0.0008726646,-0.0010821042,-0.0414,0.2013,9.8043995,Walking_Type
-0.05746084,0.21068975,10.036493,-0.0028099802,-0.0008726646,0.00012217305,-0.0412,0.2014,9.8043995,Walking_Type
-0.05746084,0.21068975,10.036493,-0.0028099802,-0.0008726646,0.00012217305,-0.0412,0.2014,9.8043995,Walking_Type
-0.05746084,0.21068975,10.036493,-0.0028099802,-0.0008726646,0.00012217305,-0.0412,0.2014,9.8043995,Walking_Type
-0.038307227,0.21068975,10.055647,-0.0028099802,-0.0008726646,0.00012217305,-0.041699998,0.2013,9.8043995,Walking_Type
-0.038307227,0.21068975,10.055647,-0.0028099802,-0.0008726646,0.00012217305,-0.0414,0.2021,9.8043995,Walking_Type
-0.038307227,0.21068975,10.055647,-0.0028099802,-0.0008726646,0.00012217305,-0.0414,0.2021,9.8043995,Walking_Type
-0.038307227,0.21068975,10.055647,-0.0028099802,-0.0008726646,0.00012217305,-0.042,0.2021,9.8043995,Walking_Type
-0.038307227,0.21068975,10.055647,-0.0028099802,-0.0008726646,0.00012217305,-0.042,0.2021,9.8043995,Walking_Type
-0.038307227,0.21068975,10.055647,-0.0028099802,-0.0008726646,0.00012217305,-0.0425,0.20199999,9.8043995,Walking_Type
-0.038307227,0.21068975,10.055647,-0.0028099802,-0.0008726646,0.00012217305,-0.0425,0.20199999,9.8043995,Walking_Type
-0.038307227,0.21068975,10.055647,0.003281219,-0.0008726646,0.00012217305,-0.0429,0.1995,9.8045,Walking_Type
-0.038307227,0.21068975,10.055647,0.003281219,-0.0008726646,0.00012217305,-0.0425,0.1997,9.8045,Walking_Type
-0.05746084,0.22026655,10.055647,0.003281219,-0.0008726646,0.00012217305,-0.0425,0.1997,9.8045,Walking_Type
-0.05746084,0.22026655,10.055647,0.003281219,-0.0008726646,0.00012217305,-0.0413,0.199,9.8045,Walking_Type
-0.05746084,0.22026655,10.055647,0.003281219,-0.0008726646,0.00012217305,-0.0413,0.199,9.8045,Walking_Type
-0.05746084,0.22026655,10.055647,0.003281219,-0.0008726646,0.00012217305,-0.0427,0.19999999,9.8045,Walking_Type
-0.05746084,0.22026655,10.055647,0.003281219,-0.0008726646,0.00012217305,-0.0427,0.19999999,9.8045,Walking_Type
-0.05746084,0.22026655,10.055647,0.003281219,-0.0008726646,0.00012217305,-0.0415,0.2008,9.8045,Walking_Type
-0.05746084,0.22026655,10.055647,0.003281219,-0.0008726646,0.00012217305,-0.0415,0.2008,9.8045,Walking_Type
-0.05746084,0.22026655,10.055647,0.0045029493,-0.002094395,0.00012217305,-0.0412,0.2017,9.8043995,Walking_Type
-0.05746084,0.22026655,10.055647,0.0045029493,-0.002094395,0.00012217305,-0.0412,0.2017,9.8043995,Walking_Type
-0.05746084,0.22026655,10.055647,0.0045029493,-0.002094395,0.00012217305,-0.040999997,0.2017,9.8043995,Walking_Type
-0.047884032,0.21068975,10.036493,0.0045029493,-0.002094395,0.00012217305,-0.040999997,0.2017,9.8043995,Walking_Type
-0.047884032,0.21068975,10.036493,0.0045029493,-0.002094395,0.00012217305,-0.039899997,0.2025,9.8043995,Walking_Type
-0.047884032,0.21068975,10.036493,0.0045029493,-0.002094395,0.00012217305,-0.039899997,0.2025,9.8043995,Walking_Type
-0.047884032,0.21068975,10.036493,0.0045029493,-0.002094395,0.00012217305,-0.039899997,0.2025,9.8043995,Walking_Type
-0.047884032,0.21068975,10.036493,0.0045029493,-0.002094395,0.00012217305,-0.040599998,0.2041,9.8043995,Walking_Type
-0.047884032,0.21068975,10.036493,0.0045029493,-0.002094395,0.00012217305,-0.040599998,0.2041,9.8043995,Walking_Type
-0.047884032,0.21068975,10.036493,0.0045029493,-0.002094395,0.00012217305,-0.0412,0.2039,9.8043995,Walking_Type
-0.047884032,0.21068975,10.036493,0.0045029493,-0.002094395,0.00012217305,-0.0412,0.2039,9.8043995,Walking_Type
-0.047884032,0.21068975,10.036493,0.0045029493,-0.002094395,0.00012217305,-0.0402,0.20549999,9.8043995,Walking_Type
-0.047884032,0.24899697,10.01734,0.0045029493,-0.002094395,0.00012217305,-0.040799998,0.2059,9.8043995,Walking_Type
-0.047884032,0.24899697,10.01734,0.0045029493,-0.002094395,0.00012217305,-0.040799998,0.2059,9.8043995,Walking_Type
-0.047884032,0.24899697,10.01734,0.0045029493,-0.002094395,0.00012217305,-0.0422,0.20719999,9.804299,Walking_Type
-0.047884032,0.24899697,10.01734,0.0045029493,-0.002094395,0.00012217305,-0.0422,0.20719999,9.804299,Walking_Type
-0.047884032,0.24899697,10.01734,0.0045029493,-0.002094395,0.00012217305,-0.0427,0.2084,9.804299,Walking_Type
-0.047884032,0.24899697,10.01734,0.0045029493,-0.002094395,0.00012217305,-0.0415,0.2087,9.804299,Walking_Type
-0.047884032,0.24899697,10.01734,0.0045029493,-0.002094395,0.00012217305,-0.0415,0.2087,9.804299,Walking_Type
-0.047884032,0.24899697,10.01734,0.00572468,-0.0008726646,0.00012217305,-0.0415,0.2087,9.804299,Walking_Type
-0.047884032,0.24899697,10.01734,0.00572468,-0.0008726646,0.00012217305,-0.042099997,0.21059999,9.8042,Walking_Type
-0.047884032,0.24899697,10.01734,0.00572468,-0.0008726646,0.00012217305,-0.042099997,0.21059999,9.8042,Walking_Type
-0.038307227,0.22026655,9.998186,0.00572468,-0.0008726646,0.00012217305,-0.0426,0.21229999,9.8042,Walking_Type
-0.038307227,0.22026655,9.998186,0.00572468,-0.0008726646,0.00012217305,-0.0426,0.21229999,9.8042,Walking_Type
-0.038307227,0.22026655,9.998186,0.00572468,-0.0008726646,0.00012217305,-0.0422,0.2147,9.8042,Walking_Type
-0.038307227,0.22026655,9.998186,0.00572468,-0.0008726646,0.00012217305,-0.0422,0.2147,9.8042,Walking_Type
-0.038307227,0.22026655,9.998186,0.00572468,-0.0008726646,0.00012217305,-0.0435,0.21679999,9.8041,Walking_Type
-0.038307227,0.22026655,9.998186,0.00572468,-0.0008726646,0.00012217305,-0.0435,0.21679999,9.8041,Walking_Type
-0.038307227,0.22026655,9.998186,0.00572468,-0.0008726646,0.00012217305,-0.0422,0.2181,9.8041,Walking_Type
-0.038307227,0.22026655,9.998186,0.0069464105,-0.0008726646,-0.0010821042,-0.0403,0.2174,9.8041,Walking_Type
-0.038307227,0.22026655,9.998186,0.0069464105,-0.0008726646,-0.0010821042,-0.0403,0.2174,9.8041,Walking_Type
-0.038307227,0.22026655,9.998186,0.0069464105,-0.0008726646,-0.0010821042,-0.0401,0.22019999,9.804,Walking_Type
-0.06703765,0.24899697,10.0269165,0.0069464105,-0.0008726646,-0.0010821042,-0.0401,0.22029999,9.804,Walking_Type
-0.06703765,0.24899697,10.0269165,0.0069464105,-0.0008726646,-0.0010821042,-0.0401,0.22029999,9.804,Walking_Type
-0.06703765,0.24899697,10.0269165,0.0069464105,-0.0008726646,-0.0010821042,-0.040799998,0.22199999,9.804,Walking_Type
-0.06703765,0.24899697,10.0269165,0.0069464105,-0.0008726646,-0.0010821042,-0.040799998,0.22199999,9.804,Walking_Type
-0.06703765,0.24899697,10.0269165,0.0069464105,-0.0008726646,-0.0010821042,-0.039699998,0.2227,9.804,Walking_Type
-0.06703765,0.24899697,10.0269165,0.0069464105,-0.0008726646,-0.0010821042,-0.039699998,0.2227,9.804,Walking_Type
-0.06703765,0.24899697,10.0269165,0.0069464105,-0.0008726646,-0.0010821042,-0.0396,0.2233,9.804,Walking_Type
-0.06703765,0.24899697,10.0269165,-0.0028099802,-0.002094395,0.00012217305,-0.0396,0.2233,9.804,Walking_Type
-0.06703765,0.24899697,10.0269165,-0.0028099802,-0.002094395,0.00012217305,-0.0411,0.22559999,9.8039,Walking_Type
-0.047884032,0.24899697,10.055647,-0.0028099802,-0.002094395,0.00012217305,-0.0409,0.2269,9.8039,Walking_Type
-0.047884032,0.24899697,10.055647,-0.0028099802,-0.002094395,0.00012217305,-0.0409,0.2269,9.8039,Walking_Type
-0.047884032,0.24899697,10.055647,-0.0028099802,-0.002094395,0.00012217305,-0.0415,0.22809999,9.8039,Walking_Type
-0.047884032,0.24899697,10.055647,-0.0028099802,-0.002094395,0.00012217305,-0.0415,0.22809999,9.8039,Walking_Type
-0.047884032,0.24899697,10.055647,-0.0028099802,-0.002094395,0.00012217305,-0.0396,0.22829999,9.8039,Walking_Type
-0.047884032,0.24899697,10.055647,-0.0028099802,-0.002094395,0.00012217305,-0.0387,0.2285,9.8039,Walking_Type
-0.047884032,0.24899697,10.055647,-0.0028099802,-0.002094395,0.00012217305,-0.0387,0.2285,9.8039,Walking_Type
-0.047884032,0.24899697,10.055647,0.0020594886,-0.002094395,0.00012217305,-0.0394,0.2311,9.8038,Walking_Type
-0.047884032,0.24899697,10.055647,0.0020594886,-0.002094395,0.00012217305,-0.0394,0.2311,9.8038,Walking_Type
-0.047884032,0.24899697,10.055647,0.0020594886,-0.002094395,0.00012217305,-0.0418,0.23259999,9.8038,Walking_Type
-0.05746084,0.2777274,10.0269165,0.0020594886,-0.002094395,0.00012217305,-0.0418,0.23259999,9.8038,Walking_Type
-0.05746084,0.2777274,10.0269165,0.0020594886,-0.002094395,0.00012217305,-0.0415,0.2333,9.8036995,Walking_Type
-0.05746084,0.2777274,10.0269165,0.0020594886,-0.002094395,0.00012217305,-0.0415,0.2333,9.8036995,Walking_Type
-0.05746084,0.2777274,10.0269165,0.0020594886,-0.002094395,0.00012217305,-0.0412,0.2346,9.8036995,Walking_Type
-0.05746084,0.2777274,10.0269165,0.0020594886,-0.002094395,0.00012217305,-0.0412,0.2346,9.8036995,Walking_Type
-0.05746084,0.2777274,10.0269165,0.0020594886,-0.002094395,0.00012217305,-0.043399997,0.2351,9.8036995,Walking_Type
-0.05746084,0.2777274,10.0269165,0.0020594886,-0.002094395,0.00012217305,-0.043399997,0.2351,9.8036995,Walking_Type
-0.05746084,0.2777274,10.0269165,-0.0015882496,-0.0008726646,0.00012217305,-0.0405,0.23619999,9.8036995,Walking_Type
-0.05746084,0.2777274,10.0269165,-0.0015882496,-0.0008726646,0.00012217305,-0.0405,0.23619999,9.8036995,Walking_Type
-0.05746084,0.2777274,10.0269165,-0.0015882496,-0.0008726646,0.00012217305,-0.0403,0.2374,9.803599,Walking_Type
-0.038307227,0.23942018,9.998186,-0.0015882496,-0.0008726646,0.00012217305,-0.0403,0.2374,9.803599,Walking_Type
-0.038307227,0.23942018,9.998186,-0.0015882496,-0.0008726646,0.00012217305,-0.0403,0.2374,9.803599,Walking_Type
-0.038307227,0.23942018,9.998186,-0.0015882496,-0.0008726646,0.00012217305,-0.040999997,0.2392,9.803599,Walking_Type
-0.038307227,0.23942018,9.998186,-0.0015882496,-0.0008726646,0.00012217305,-0.040999997,0.2392,9.803599,Walking_Type
-0.038307227,0.23942018,9.998186,-0.0015882496,-0.0008726646,0.00012217305,-0.0407,0.2376,9.803599,Walking_Type
-0.038307227,0.23942018,9.998186,-0.0015882496,-0.0008726646,0.00012217305,-0.0407,0.2376,9.803599,Walking_Type
-0.038307227,0.23942018,9.998186,-0.0015882496,-0.0008726646,0.00012217305,-0.042999998,0.2411,9.8035,Walking_Type
-0.038307227,0.23942018,9.998186,0.00572468,-0.0008726646,0.00012217305,-0.0442,0.2402,9.803599,Walking_Type
-0.038307227,0.23942018,9.998186,0.00572468,-0.0008726646,0.00012217305,-0.0442,0.2402,9.803599,Walking_Type
-0.05746084,0.2681506,10.055647,0.00572468,-0.0008726646,0.00012217305,-0.0404,0.2418,9.8035,Walking_Type
-0.05746084,0.2681506,10.055647,0.00572468,-0.0008726646,0.00012217305,-0.0404,0.2418,9.8035,Walking_Type
-0.05746084,0.2681506,10.055647,0.00572468,-0.0008726646,0.00012217305,-0.0435,0.24,9.803599,Walking_Type
-0.05746084,0.2681506,10.055647,0.00572468,-0.0008726646,0.00012217305,-0.0435,0.24,9.803599,Walking_Type
-0.05746084,0.2681506,10.055647,0.00572468,-0.0008726646,0.00012217305,-0.0398,0.24,9.803599,Walking_Type
-0.05746084,0.2681506,10.055647,0.00572468,-0.0008726646,0.00012217305,-0.038799997,0.24069999,9.803599,Walking_Type
-0.05746084,0.2681506,10.055647,0.00572468,-0.0008726646,0.00012217305,-0.038799997,0.24069999,9.803599,Walking_Type
-0.05746084,0.2681506,10.055647,-0.0040317103,-0.002094395,0.00012217305,-0.042099997,0.24309999,9.8035,Walking_Type
-0.05746084,0.2681506,10.055647,-0.0040317103,-0.002094395,0.00012217305,-0.042099997,0.24309999,9.8035,Walking_Type
-0.05746084,0.2681506,10.055647,-0.0040317103,-0.002094395,0.00012217305,-0.0385,0.2452,9.8035,Walking_Type
0.009576807,0.25857377,10.0269165,-0.0040317103,-0.002094395,0.00012217305,-0.0385,0.2452,9.8035,Walking_Type
0.009576807,0.25857377,10.0269165,-0.0040317103,-0.002094395,0.00012217305,-0.0352,0.24229999,9.8035,Walking_Type
0.009576807,0.25857377,10.0269165,-0.0040317103,-0.002094395,0.00012217305,-0.0352,0.24229999,9.8035,Walking_Type
0.009576807,0.25857377,10.0269165,-0.0040317103,-0.002094395,0.00012217305,-0.0403,0.24689999,9.8034,Walking_Type
0.009576807,0.25857377,10.0269165,-0.0040317103,-0.002094395,0.00012217305,-0.0403,0.24689999,9.8034,Walking_Type
0.009576807,0.25857377,10.0269165,-0.0040317103,-0.002094395,0.00012217305,-0.040999997,0.2463,9.8034,Walking_Type
0.009576807,0.25857377,10.0269165,-0.0040317103,-0.002094395,0.00012217305,-0.040999997,0.2463,9.8034,Walking_Type
0.009576807,0.25857377,10.0269165,-0.005253441,-0.0008726646,-0.0023038345,-0.037499998,0.24489999,9.8035,Walking_Type
0.009576807,0.25857377,10.0269165,-0.005253441,-0.0008726646,-0.0023038345,-0.037499998,0.24489999,9.8035,Walking_Type
-0.095768064,0.2681506,10.065224,-0.005253441,-0.0008726646,-0.0023038345,-0.0416,0.2461,9.8034,Walking_Type
-0.095768064,0.2681506,10.065224,-0.005253441,-0.0008726646,-0.0023038345,-0.0416,0.2461,9.8034,Walking_Type
-0.095768064,0.2681506,10.065224,-0.005253441,-0.0008726646,-0.0023038345,-0.0416,0.2461,9.8034,Walking_Type
-0.095768064,0.2681506,10.065224,-0.005253441,-0.0008726646,-0.0023038345,-0.0446,0.2464,9.8034,Walking_Type
-0.095768064,0.2681506,10.065224,-0.005253441,-0.0008726646,-0.0023038345,-0.040799998,0.2483,9.8034,Walking_Type
-0.095768064,0.2681506,10.065224,-0.005253441,-0.0008726646,-0.0023038345,-0.040799998,0.2483,9.8034,Walking_Type
-0.095768064,0.2681506,10.065224,-0.005253441,-0.0008726646,-0.0023038345,-0.037299998,0.24509999,9.8035,Walking_Type
-0.095768064,0.2681506,10.065224,0.0069464105,-0.002094395,0.0013439035,-0.037299998,0.24509999,9.8035,Walking_Type
-0.095768064,0.2681506,10.065224,0.0069464105,-0.002094395,0.0013439035,-0.043899998,0.24219999,9.8035,Walking_Type
-0.095768064,0.2681506,10.065224,0.0069464105,-0.002094395,0.0013439035,-0.043899998,0.24219999,9.8035,Walking_Type
-0.24899697,0.30645782,10.0269165,0.0069464105,-0.002094395,0.0013439035,-0.0459,0.2453,9.8034,Walking_Type
-0.24899697,0.30645782,10.0269165,0.0069464105,-0.002094395,0.0013439035,-0.0459,0.2453,9.8034,Walking_Type
-0.24899697,0.30645782,10.0269165,0.0069464105,-0.002094395,0.0013439035,-0.070599996,0.2505,9.8031,Walking_Type
-0.24899697,0.30645782,10.0269165,0.0069464105,-0.002094395,0.0013439035,-0.070599996,0.2505,9.8031,Walking_Type
-0.24899697,0.30645782,10.0269165,0.0069464105,-0.002094395,0.0013439035,-0.0703,0.24949999,9.8032,Walking_Type
-0.24899697,0.30645782,10.0269165,0.0069464105,-0.002094395,0.0013439035,-0.0703,0.24949999,9.8032,Walking_Type
-0.24899697,0.30645782,10.0269165,0.0069464105,-0.002094395,0.0013439035,-0.0356,0.2454,9.8035,Walking_Type
-0.24899697,0.30645782,10.0269165,0.00816814,-0.002094395,0.0013439035,-0.0356,0.2454,9.8035,Walking_Type
-0.24899697,0.30645782,10.0269165,0.00816814,-0.002094395,0.0013439035,-0.043199997,0.2376,9.803599,Walking_Type
-0.24899697,0.30645782,10.0269165,0.00816814,-0.002094395,0.0013439035,-0.043199997,0.2376,9.803599,Walking_Type
-0.095768064,0.36391866,10.036493,0.00816814,-0.002094395,0.0013439035,-0.0591,0.2509,9.8032,Walking_Type
-0.095768064,0.36391866,10.036493,0.00816814,-0.002094395,0.0013439035,-0.0591,0.2509,9.8032,Walking_Type
-0.095768064,0.36391866,10.036493,0.00816814,-0.002094395,0.0013439035,-0.051599998,0.2474,9.8033,Walking_Type
-0.095768064,0.36391866,10.036493,0.00816814,-0.002094395,0.0013439035,-0.051599998,0.2474,9.8033,Walking_Type
-0.095768064,0.36391866,10.036493,0.00816814,-0.002094395,0.0013439035,-0.0471,0.2452,9.8034,Walking_Type
-0.095768064,0.36391866,10.036493,0.00816814,-0.002094395,0.0013439035,-0.0471,0.2452,9.8034,Walking_Type
-0.095768064,0.36391866,10.036493,0.00816814,-0.002094395,0.0013439035,-0.061899997,0.2545,9.8031,Walking_Type
-0.095768064,0.36391866,10.036493,0.0045029493,-0.002094395,-0.0035255651,-0.061899997,0.2545,9.8031,Walking_Type
-0.095768064,0.36391866,10.036493,0.0045029493,-0.002094395,-0.0035255651,-0.058199998,0.2541,9.8031,Walking_Type
-0.038307227,0.31603462,10.036493,0.0045029493,-0.002094395,-0.0035255651,-0.0532,0.2546,9.8031,Walking_Type
-0.038307227,0.31603462,10.036493,0.0045029493,-0.002094395,-0.0035255651,-0.0552,0.255,9.8031,Walking_Type
-0.038307227,0.31603462,10.036493,0.0045029493,-0.002094395,-0.0035255651,-0.0552,0.255,9.8031,Walking_Type
-0.038307227,0.31603462,10.036493,0.0045029493,-0.002094395,-0.0035255651,-0.0552,0.255,9.8031,Walking_Type
-0.038307227,0.31603462,10.036493,0.0045029493,-0.002094395,-0.0035255651,-0.053799998,0.257,9.8031,Walking_Type
-0.038307227,0.31603462,10.036493,0.0045029493,-0.002094395,-0.0035255651,-0.053799998,0.257,9.8031,Walking_Type
-0.038307227,0.31603462,10.036493,0.0045029493,-0.002094395,-0.0035255651,-0.0557,0.2597,9.8029995,Walking_Type
-0.038307227,0.31603462,10.036493,0.016720254,-0.0008726646,-0.0010821042,-0.0557,0.2597,9.8029995,Walking_Type
-0.038307227,0.31603462,10.036493,0.016720254,-0.0008726646,-0.0010821042,-0.054199997,0.2661,9.8028,Walking_Type
-0.038307227,0.31603462,10.036493,0.016720254,-0.0008726646,-0.0010821042,-0.0561,0.2671,9.8028,Walking_Type
-0.076614454,0.2777274,10.01734,0.016720254,-0.0008726646,-0.0010821042,-0.0561,0.2671,9.8028,Walking_Type
-0.076614454,0.2777274,10.01734,0.016720254,-0.0008726646,-0.0010821042,-0.0521,0.2704,9.8027,Walking_Type
-0.076614454,0.2777274,10.01734,0.016720254,-0.0008726646,-0.0010821042,-0.0521,0.2704,9.8027,Walking_Type
-0.076614454,0.2777274,10.01734,0.016720254,-0.0008726646,-0.0010821042,-0.0493,0.27019998,9.8028,Walking_Type
-0.076614454,0.2777274,10.01734,0.016720254,-0.0008726646,-0.0010821042,-0.0493,0.27019998,9.8028,Walking_Type
-0.076614454,0.2777274,10.01734,0.016720254,-0.0008726646,-0.0010821042,-0.049999997,0.2708,9.8027,Walking_Type
-0.076614454,0.2777274,10.01734,0.016720254,-0.0008726646,-0.0010821042,-0.049999997,0.2708,9.8027,Walking_Type
-0.076614454,0.2777274,10.01734,-0.008918633,-0.002094395,0.00012217305,-0.0514,0.2714,9.8027,Walking_Type
-0.076614454,0.2777274,10.01734,-0.008918633,-0.002094395,0.00012217305,-0.0514,0.2714,9.8027,Walking_Type
-0.076614454,0.2777274,10.01734,-0.008918633,-0.002094395,0.00012217305,-0.051099997,0.2694,9.8028,Walking_Type
-0.05746084,0.23942018,10.036493,-0.008918633,-0.002094395,0.00012217305,-0.051099997,0.2694,9.8028,Walking_Type
-0.05746084,0.23942018,10.036493,-0.008918633,-0.002094395,0.00012217305,-0.0525,0.27019998,9.8027,Walking_Type
-0.05746084,0.23942018,10.036493,-0.008918633,-0.002094395,0.00012217305,-0.0525,0.27019998,9.8027,Walking_Type
-0.05746084,0.23942018,10.036493,-0.008918633,-0.002094395,0.00012217305,-0.0525,0.27019998,9.8027,Walking_Type
-0.05746084,0.23942018,10.036493,-0.008918633,-0.002094395,0.00012217305,-0.056199998,0.2733,9.8026,Walking_Type
-0.05746084,0.23942018,10.036493,-0.008918633,-0.002094395,0.00012217305,-0.056199998,0.2733,9.8026,Walking_Type
-0.05746084,0.23942018,10.036493,-0.008918633,-0.002094395,0.00012217305,-0.0514,0.2654,9.802899,Walking_Type
-0.05746084,0.23942018,10.036493,-0.010140363,-0.002094395,0.00012217305,-0.0519,0.2665,9.8028,Walking_Type
-0.05746084,0.23942018,10.036493,-0.010140363,-0.002094395,0.00012217305,-0.0519,0.2665,9.8028,Walking_Type
-0.038307227,0.24899697,10.0269165,-0.010140363,-0.002094395,0.00012217305,-0.0532,0.2658,9.802899,Walking_Type
-0.038307227,0.24899697,10.0269165,-0.010140363,-0.002094395,0.00012217305,-0.0495,0.2628,9.8029995,Walking_Type
-0.038307227,0.24899697,10.0269165,-0.010140363,-0.002094395,0.00012217305,-0.0495,0.2628,9.8029995,Walking_Type
-0.038307227,0.24899697,10.0269165,-0.010140363,-0.002094395,0.00012217305,-0.048499998,0.2624,9.8029995,Walking_Type
-0.038307227,0.24899697,10.0269165,-0.010140363,-0.002094395,0.00012217305,-0.048499998,0.2624,9.8029995,Walking_Type
-0.038307227,0.24899697,10.0269165,-0.010140363,-0.002094395,0.00012217305,-0.048499998,0.2624,9.8029995,Walking_Type
-0.038307227,0.24899697,10.0269165,-0.010140363,-0.002094395,0.00012217305,-0.051,0.26139998,9.8029995,Walking_Type
-0.038307227,0.24899697,10.0269165,0.003281219,-0.0008726646,-0.0010821042,-0.051,0.26139998,9.8029995,Walking_Type
-0.038307227,0.24899697,10.0269165,0.003281219,-0.0008726646,-0.0010821042,-0.0466,0.2604,9.8029995,Walking_Type
-0.038307227,0.24899697,10.0269165,0.003281219,-0.0008726646,-0.0010821042,-0.0466,0.2604,9.8029995,Walking_Type
-0.06703765,0.24899697,9.988609,0.003281219,-0.0008726646,-0.0010821042,-0.0426,0.2572,9.8031,Walking_Type
-0.06703765,0.24899697,9.988609,0.003281219,-0.0008726646,-0.0010821042,-0.0426,0.2572,9.8031,Walking_Type
-0.06703765,0.24899697,9.988609,0.003281219,-0.0008726646,-0.0010821042,-0.043899998,0.2564,9.8031,Walking_Type
-0.06703765,0.24899697,9.988609,0.003281219,-0.0008726646,-0.0010821042,-0.044999998,0.25579998,9.8032,Walking_Type
-0.06703765,0.24899697,9.988609,0.003281219,-0.0008726646,-0.0010821042,-0.044999998,0.25579998,9.8032,Walking_Type
-0.06703765,0.24899697,9.988609,0.003281219,-0.0008726646,-0.0010821042,-0.042799998,0.2528,9.8032,Walking_Type
-0.06703765,0.24899697,9.988609,0.003281219,-0.0008726646,-0.0010821042,-0.042799998,0.2528,9.8032,Walking_Type
-0.06703765,0.24899697,9.988609,-0.015027285,-0.002094395,-0.0010821042,-0.042799998,0.2528,9.8032,Walking_Type
-0.06703765,0.24899697,9.988609,-0.015027285,-0.002094395,-0.0010821042,-0.0424,0.2509,9.8033,Walking_Type
-0.047884032,0.22984336,10.0748005,-0.015027285,-0.002094395,-0.0010821042,-0.0437,0.24759999,9.8034,Walking_Type
-0.047884032,0.22984336,10.0748005,-0.015027285,-0.002094395,-0.0010821042,-0.0416,0.2453,9.8034,Walking_Type
-0.047884032,0.22984336,10.0748005,-0.015027285,-0.002094395,-0.0010821042,-0.0416,0.2453,9.8034,Walking_Type
-0.047884032,0.22984336,10.0748005,-0.015027285,-0.002094395,-0.0010821042,-0.0405,0.24319999,9.8035,Walking_Type
-0.047884032,0.22984336,10.0748005,-0.015027285,-0.002094395,-0.0010821042,-0.0405,0.24319999,9.8035,Walking_Type
-0.047884032,0.22984336,10.0748005,-0.015027285,-0.002094395,-0.0010821042,-0.042799998,0.2438,9.8035,Walking_Type
-0.047884032,0.22984336,10.0748005,-0.015027285,-0.002094395,-0.0010821042,-0.042799998,0.2438,9.8035,Walking_Type
-0.047884032,0.22984336,10.0748005,0.00816814,0.00033161257,-0.0010821042,-0.0424,0.2427,9.8035,Walking_Type
-0.047884032,0.22984336,10.0748005,0.00816814,0.00033161257,-0.0010821042,-0.0424,0.2427,9.8035,Walking_Type
-0.047884032,0.22984336,10.0748005,0.00816814,0.00033161257,-0.0010821042,-0.0396,0.2409,9.803599,Walking_Type
-0.08619126,0.24899697,10.065224,0.00816814,0.00033161257,-0.0010821042,-0.0396,0.2409,9.803599,Walking_Type
-0.08619126,0.24899697,10.065224,0.00816814,0.00033161257,-0.0010821042,-0.0427,0.24409999,9.8035,Walking_Type
-0.08619126,0.24899697,10.065224,0.00816814,0.00033161257,-0.0010821042,-0.0427,0.24409999,9.8035,Walking_Type
-0.08619126,0.24899697,10.065224,0.00816814,0.00033161257,-0.0010821042,-0.0407,0.2438,9.8035,Walking_Type
-0.08619126,0.24899697,10.065224,0.00816814,0.00033161257,-0.0010821042,-0.0407,0.2438,9.8035,Walking_Type
-0.08619126,0.24899697,10.065224,0.00816814,0.00033161257,-0.0010821042,-0.0381,0.2434,9.8035,Walking_Type
-0.08619126,0.24899697,10.065224,0.00816814,0.00033161257,-0.0010821042,-0.0381,0.2434,9.8035,Walking_Type
-0.08619126,0.24899697,10.065224,0.0020594886,-0.002094395,0.00012217305,-0.0381,0.2439,9.8035,Walking_Type
-0.08619126,0.24899697,10.065224,0.0020594886,-0.002094395,0.00012217305,-0.0381,0.2439,9.8035,Walking_Type
-0.08619126,0.24899697,10.065224,0.0020594886,-0.002094395,0.00012217305,-0.0381,0.2439,9.8035,Walking_Type
-0.019153614,0.23942018,9.931149,0.0020594886,-0.002094395,0.00012217305,-0.0348,0.2428,9.8035,Walking_Type
-0.019153614,0.23942018,9.931149,0.0020594886,-0.002094395,0.00012217305,-0.0348,0.2428,9.8035,Walking_Type
-0.019153614,0.23942018,9.931149,0.0020594886,-0.002094395,0.00012217305,-0.0359,0.2401,9.803599,Walking_Type
-0.019153614,0.23942018,9.931149,0.0020594886,-0.002094395,0.00012217305,-0.038599998,0.24249999,9.8035,Walking_Type
-0.019153614,0.23942018,9.931149,0.0020594886,-0.002094395,0.00012217305,-0.038599998,0.24249999,9.8035,Walking_Type
-0.019153614,0.23942018,9.931149,0.0020594886,-0.002094395,0.00012217305,-0.0369,0.23969999,9.803599,Walking_Type
-0.019153614,0.23942018,9.931149,0.0020594886,-0.002094395,0.00012217305,-0.0369,0.23969999,9.803599,Walking_Type
-0.019153614,0.23942018,9.931149,0.00083775807,0.0027750735,0.00012217305,-0.039499998,0.24229999,9.8035,Walking_Type
-0.019153614,0.23942018,9.931149,0.00083775807,0.0027750735,0.00012217305,-0.039499998,0.24229999,9.8035,Walking_Type
-0.019153614,0.21068975,10.1226845,0.00083775807,0.0027750735,0.00012217305,-0.039499998,0.24229999,9.8035,Walking_Type
-0.019153614,0.21068975,10.1226845,0.00083775807,0.0027750735,0.00012217305,-0.0411,0.2421,9.8035,Walking_Type
-0.019153614,0.21068975,10.1226845,0.00083775807,0.0027750735,0.00012217305,-0.037499998,0.2509,9.8033,Walking_Type
-0.019153614,0.21068975,10.1226845,0.00083775807,0.0027750735,0.00012217305,-0.037499998,0.2509,9.8033,Walking_Type
-0.019153614,0.21068975,10.1226845,0.00083775807,0.0027750735,0.00012217305,-0.0499,0.24499999,9.8034,Walking_Type
-0.019153614,0.21068975,10.1226845,0.00083775807,0.0027750735,0.00012217305,-0.0499,0.24499999,9.8034,Walking_Type
-0.019153614,0.21068975,10.1226845,0.00083775807,0.0027750735,0.00012217305,-0.055299997,0.24919999,9.8033,Walking_Type
-0.019153614,0.21068975,10.1226845,-0.0113620935,0.001553343,-0.0010821042,-0.055299997,0.24919999,9.8033,Walking_Type
-0.019153614,0.21068975,10.1226845,-0.0113620935,0.001553343,-0.0010821042,-0.0506,0.24769999,9.8033,Walking_Type
-0.019153614,0.21068975,10.1226845,-0.0113620935,0.001553343,-0.0010821042,-0.049599998,0.2446,9.8034,Walking_Type
-0.10534488,0.21068975,10.065224,-0.0113620935,0.001553343,-0.0010821042,-0.049599998,0.2446,9.8034,Walking_Type
-0.10534488,0.21068975,10.065224,-0.0113620935,0.001553343,-0.0010821042,-0.052699998,0.2465,9.8034,Walking_Type
-0.10534488,0.21068975,10.065224,-0.0113620935,0.001553343,-0.0010821042,-0.052699998,0.2465,9.8034,Walking_Type
-0.10534488,0.21068975,10.065224,-0.0113620935,0.001553343,-0.0010821042,-0.0539,0.2435,9.8034,Walking_Type
-0.10534488,0.21068975,10.065224,-0.0113620935,0.001553343,-0.0010821042,-0.0539,0.2435,9.8034,Walking_Type
-0.10534488,0.21068975,10.065224,-0.0113620935,0.001553343,-0.0010821042,-0.0493,0.2437,9.8034,Walking_Type
-0.10534488,0.21068975,10.065224,-0.0113620935,0.001553343,-0.0010821042,-0.0493,0.2438,9.8034,Walking_Type
-0.10534488,0.21068975,10.065224,0.00083775807,-0.0008726646,0.0013439035,-0.046699997,0.2418,9.8035,Walking_Type
-0.10534488,0.21068975,10.065224,0.00083775807,-0.0008726646,0.0013439035,-0.046699997,0.2418,9.8035,Walking_Type
-0.047884032,0.24899697,10.0269165,0.00083775807,-0.0008726646,0.0013439035,-0.047599997,0.24419999,9.8034,Walking_Type
-0.047884032,0.24899697,10.0269165,0.00083775807,-0.0008726646,0.0013439035,-0.047599997,0.24419999,9.8034,Walking_Type
-0.047884032,0.24899697,10.0269165,0.00083775807,-0.0008726646,0.0013439035,-0.0468,0.24049999,9.8035,Walking_Type
-0.047884032,0.24899697,10.0269165,0.00083775807,-0.0008726646,0.0013439035,-0.0468,0.24049999,9.8035,Walking_Type
-0.047884032,0.24899697,10.0269165,0.00083775807,-0.0008726646,0.0013439035,-0.0444,0.24059999,9.8035,Walking_Type
-0.047884032,0.24899697,10.0269165,0.00083775807,-0.0008726646,0.0013439035,-0.0447,0.24049999,9.8035,Walking_Type
-0.047884032,0.24899697,10.0269165,0.00083775807,-0.0008726646,0.0013439035,-0.0447,0.24049999,9.8035,Walking_Type
-0.047884032,0.24899697,10.0269165,0.00083775807,-0.0008726646,0.0013439035,-0.0442,0.23789999,9.803599,Walking_Type
-0.047884032,0.24899697,10.0269165,0.00083775807,-0.0033161256,-0.0010821042,-0.0442,0.23789999,9.803599,Walking_Type
-0.047884032,0.24899697,10.0269165,0.00083775807,-0.0033161256,-0.0010821042,-0.046099998,0.23799999,9.803599,Walking_Type
-0.047884032,0.24899697,10.007763,0.00083775807,-0.0033161256,-0.0010821042,-0.046099998,0.23799999,9.803599,Walking_Type
-0.047884032,0.24899697,10.007763,0.00083775807,-0.0033161256,-0.0010821042,-0.0479,0.2373,9.803599,Walking_Type
-0.047884032,0.24899697,10.007763,0.00083775807,-0.0033161256,-0.0010821042,-0.0479,0.2373,9.803599,Walking_Type
-0.047884032,0.24899697,10.007763,0.00083775807,-0.0033161256,-0.0010821042,-0.049599998,0.23689999,9.803599,Walking_Type
-0.047884032,0.24899697,10.007763,0.00083775807,-0.0033161256,-0.0010821042,-0.049599998,0.23689999,9.803599,Walking_Type
-0.047884032,0.24899697,10.007763,0.00083775807,-0.0033161256,-0.0010821042,-0.049399998,0.23619999,9.803599,Walking_Type
-0.047884032,0.24899697,10.007763,0.00083775807,-0.0033161256,-0.0010821042,-0.049399998,0.23619999,9.803599,Walking_Type
-0.047884032,0.24899697,10.007763,0.006161012,-0.0006806784,-0.00080285146,-0.0468,0.2357,9.8036995,Walking_Type
-0.047884032,0.24899697,10.007763,0.006161012,-0.0006806784,-0.00080285146,-0.0468,0.2357,9.8036995,Walking_Type
-0.047884032,0.24899697,10.007763,0.006161012,-0.0006806784,-0.00080285146,-0.0468,0.2357,9.8036995,Walking_Type
-0.076614454,0.23942018,10.04607,0.006161012,-0.0006806784,-0.00080285146,-0.046099998,0.236,9.8036995,Walking_Type
-0.076614454,0.23942018,10.04607,0.006161012,-0.0006806784,-0.00080285146,-0.0462,0.23799999,9.803599,Walking_Type
-0.076614454,0.23942018,10.04607,0.006161012,-0.0006806784,-0.00080285146,-0.0462,0.23799999,9.803599,Walking_Type
-0.076614454,0.23942018,10.04607,0.006161012,-0.0006806784,-0.00080285146,-0.0431,0.2364,9.8036995,Walking_Type
-0.076614454,0.23942018,10.04607,0.006161012,-0.0006806784,-0.00080285146,-0.0431,0.2364,9.8036995,Walking_Type
-0.076614454,0.23942018,10.04607,0.006161012,-0.0006806784,-0.00080285146,-0.040999997,0.236,9.8036995,Walking_Type
-0.076614454,0.23942018,10.04607,0.006161012,-0.0006806784,-0.00080285146,-0.040999997,0.236,9.8036995,Walking_Type
-0.076614454,0.23942018,10.04607,0.006161012,-0.0006806784,0.00040142573,-0.0424,0.23619999,9.8036995,Walking_Type
-0.076614454,0.23942018,10.04607,0.006161012,-0.0006806784,0.00040142573,-0.0424,0.23619999,9.8036995,Walking_Type
-0.076614454,0.23942018,10.04607,0.006161012,-0.0006806784,0.00040142573,-0.042099997,0.2365,9.8036995,Walking_Type
-0.038307227,0.24899697,9.998186,0.006161012,-0.0006806784,0.00040142573,-0.042099997,0.2365,9.8036995,Walking_Type
-0.038307227,0.24899697,9.998186,0.006161012,-0.0006806784,0.00040142573,-0.041699998,0.2367,9.8036995,Walking_Type
-0.038307227,0.24899697,9.998186,0.006161012,-0.0006806784,0.00040142573,-0.041699998,0.2367,9.8036995,Walking_Type
-0.038307227,0.24899697,9.998186,0.006161012,-0.0006806784,0.00040142573,-0.040599998,0.23779999,9.803599,Walking_Type
-0.038307227,0.24899697,9.998186,0.006161012,-0.0006806784,0.00040142573,-0.040599998,0.23779999,9.803599,Walking_Type
-0.038307227,0.24899697,9.998186,0.006161012,-0.0006806784,0.00040142573,-0.0413,0.23719999,9.803599,Walking_Type
-0.038307227,0.24899697,9.998186,0.006161012,-0.0006806784,0.00040142573,-0.0413,0.23719999,9.803599,Walking_Type
-0.038307227,0.24899697,9.998186,0.0012740904,0.0017453292,0.00040142573,-0.0413,0.23719999,9.803599,Walking_Type
-0.038307227,0.24899697,9.998186,0.0012740904,0.0017453292,0.00040142573,-0.0418,0.2373,9.803599,Walking_Type
-0.047884032,0.2681506,10.055647,0.0012740904,0.0017453292,0.00040142573,-0.0415,0.2376,9.803599,Walking_Type
-0.047884032,0.2681506,10.055647,0.0012740904,0.0017453292,0.00040142573,-0.042,0.2377,9.803599,Walking_Type
-0.047884032,0.2681506,10.055647,0.0012740904,0.0017453292,0.00040142573,-0.042,0.2377,9.803599,Walking_Type
-0.047884032,0.2681506,10.055647,0.0012740904,0.0017453292,0.00040142573,-0.0442,0.2395,9.803599,Walking_Type
-0.047884032,0.2681506,10.055647,0.0012740904,0.0017453292,0.00040142573,-0.0442,0.2395,9.803599,Walking_Type
-0.047884032,0.2681506,10.055647,0.0012740904,0.0017453292,0.00040142573,-0.044499997,0.2394,9.803599,Walking_Type
-0.047884032,0.2681506,10.055647,0.0012740904,0.0017453292,0.00040142573,-0.044499997,0.2394,9.803599,Walking_Type
-0.047884032,0.2681506,10.055647,-0.00726057,-0.0006806784,-0.00080285146,-0.0415,0.2395,9.803599,Walking_Type
-0.047884032,0.2681506,10.055647,-0.00726057,-0.0006806784,-0.00080285146,-0.0415,0.2395,9.803599,Walking_Type
-0.047884032,0.2681506,10.055647,-0.00726057,-0.0006806784,-0.00080285146,-0.044499997,0.241,9.8035,Walking_Type
-0.06703765,0.25857377,10.01734,-0.00726057,-0.0006806784,-0.00080285146,-0.044499997,0.241,9.8035,Walking_Type
-0.06703765,0.25857377,10.01734,-0.00726057,-0.0006806784,-0.00080285146,-0.044499997,0.241,9.8035,Walking_Type
-0.06703765,0.25857377,10.01734,-0.00726057,-0.0006806784,-0.00080285146,-0.043899998,0.2409,9.8035,Walking_Type
-0.06703765,0.25857377,10.01734,-0.00726057,-0.0006806784,-0.00080285146,-0.043899998,0.2409,9.8035,Walking_Type
-0.06703765,0.25857377,10.01734,-0.00726057,-0.0006806784,-0.00080285146,-0.044299997,0.24,9.803599,Walking_Type
-0.06703765,0.25857377,10.01734,-0.00726057,-0.0006806784,-0.00080285146,-0.044299997,0.24,9.803599,Walking_Type
-0.06703765,0.25857377,10.01734,-0.00726057,-0.0006806784,-0.00080285146,-0.0462,0.24159999,9.8035,Walking_Type
-0.06703765,0.25857377,10.01734,0.0012740904,-0.0006806784,-0.00080285146,-0.0455,0.24139999,9.8035,Walking_Type
-0.06703765,0.25857377,10.01734,0.0012740904,-0.0006806784,-0.00080285146,-0.0455,0.24139999,9.8035,Walking_Type
-0.06703765,0.25857377,10.01734,0.0012740904,-0.0006806784,-0.00080285146,-0.0425,0.2403,9.803599,Walking_Type
-0.019153614,0.25857377,10.084377,0.0012740904,-0.0006806784,-0.00080285146,-0.0425,0.2403,9.803599,Walking_Type
-0.019153614,0.25857377,10.084377,0.0012740904,-0.0006806784,-0.00080285146,-0.0438,0.242,9.8035,Walking_Type
-0.019153614,0.25857377,10.084377,0.0012740904,-0.0006806784,-0.00080285146,-0.0438,0.242,9.8035,Walking_Type
-0.019153614,0.25857377,10.084377,0.0012740904,-0.0006806784,-0.00080285146,-0.0433,0.2418,9.8035,Walking_Type
-0.019153614,0.25857377,10.084377,0.0012740904,-0.0006806784,-0.00080285146,-0.0433,0.2418,9.8035,Walking_Type
-0.019153614,0.25857377,10.084377,0.0012740904,-0.0006806784,-0.00080285146,-0.0404,0.24149999,9.8035,Walking_Type
-0.019153614,0.25857377,10.084377,0.0012740904,-0.0006806784,-0.00080285146,-0.0402,0.24139999,9.8035,Walking_Type
-0.019153614,0.25857377,10.084377,0.0012740904,0.00052359875,0.00040142573,-0.0402,0.24139999,9.8035,Walking_Type
-0.019153614,0.25857377,10.084377,0.0012740904,0.00052359875,0.00040142573,-0.0402,0.24139999,9.8035,Walking_Type
-0.02873042,0.24899697,10.036493,0.0012740904,0.00052359875,0.00040142573,-0.0393,0.24129999,9.803599,Walking_Type
-0.02873042,0.24899697,10.036493,0.0012740904,0.00052359875,0.00040142573,-0.0393,0.24129999,9.803599,Walking_Type
-0.02873042,0.24899697,10.036493,0.0012740904,0.00052359875,0.00040142573,-0.0392,0.24129999,9.803599,Walking_Type
-0.02873042,0.24899697,10.036493,0.0012740904,0.00052359875,0.00040142573,-0.0392,0.24129999,9.803599,Walking_Type
-0.02873042,0.24899697,10.036493,0.0012740904,0.00052359875,0.00040142573,-0.0424,0.2421,9.8035,Walking_Type
-0.02873042,0.24899697,10.036493,0.0012740904,0.00052359875,0.00040142573,-0.0424,0.2421,9.8035,Walking_Type
-0.02873042,0.24899697,10.036493,0.0012740904,0.00052359875,0.00040142573,-0.0413,0.2411,9.8035,Walking_Type
-0.02873042,0.24899697,10.036493,5.235988e-05,-0.0006806784,-0.00080285146,-0.0413,0.2411,9.8035,Walking_Type
-0.02873042,0.24899697,10.036493,5.235988e-05,-0.0006806784,-0.00080285146,-0.038599998,0.2402,9.803599,Walking_Type
-0.02873042,0.24899697,10.036493,5.235988e-05,-0.0006806784,-0.00080285146,-0.038599998,0.2402,9.803599,Walking_Type
-0.076614454,0.24899697,9.988609,5.235988e-05,-0.0006806784,-0.00080285146,-0.0402,0.2409,9.803599,Walking_Type
-0.076614454,0.24899697,9.988609,5.235988e-05,-0.0006806784,-0.00080285146,-0.0402,0.2409,9.803599,Walking_Type
-0.076614454,0.24899697,9.988609,5.235988e-05,-0.0006806784,-0.00080285146,-0.0392,0.2408,9.803599,Walking_Type
-0.076614454,0.24899697,9.988609,5.235988e-05,-0.0006806784,-0.00080285146,-0.0392,0.2408,9.803599,Walking_Type
-0.076614454,0.24899697,9.988609,5.235988e-05,-0.0006806784,-0.00080285146,-0.040799998,0.24239999,9.8035,Walking_Type
-0.076614454,0.24899697,9.988609,5.235988e-05,-0.0006806784,-0.00080285146,-0.039699998,0.24129999,9.8035,Walking_Type
-0.076614454,0.24899697,9.988609,5.235988e-05,-0.0006806784,-0.00080285146,-0.039699998,0.24129999,9.8035,Walking_Type
-0.076614454,0.24899697,9.988609,0.0024958209,0.00052359875,0.00040142573,-0.038,0.2412,9.803599,Walking_Type
-0.076614454,0.24899697,9.988609,0.0024958209,0.00052359875,0.00040142573,-0.038,0.2412,9.803599,Walking_Type
-0.076614454,0.25857377,9.998186,0.0024958209,0.00052359875,0.00040142573,-0.0413,0.242,9.8035,Walking_Type
-0.076614454,0.25857377,9.998186,0.0024958209,0.00052359875,0.00040142573,-0.0394,0.2426,9.8035,Walking_Type
-0.076614454,0.25857377,9.998186,0.0024958209,0.00052359875,0.00040142573,-0.0394,0.2426,9.8035,Walking_Type
-0.076614454,0.25857377,9.998186,0.0024958209,0.00052359875,0.00040142573,-0.0385,0.24159999,9.8035,Walking_Type
-0.076614454,0.25857377,9.998186,0.0024958209,0.00052359875,0.00040142573,-0.0385,0.24159999,9.8035,Walking_Type
-0.076614454,0.25857377,9.998186,0.0024958209,0.00052359875,0.00040142573,-0.0393,0.24309999,9.8035,Walking_Type
-0.076614454,0.25857377,9.998186,0.0024958209,0.00052359875,0.00040142573,-0.0393,0.24309999,9.8035,Walking_Type
-0.076614454,0.25857377,9.998186,-0.0023736479,0.00052359875,0.00040142573,-0.0393,0.24309999,9.8035,Walking_Type
-0.076614454,0.25857377,9.998186,-0.0023736479,0.00052359875,0.00040142573,-0.038399998,0.2428,9.8035,Walking_Type
-0.076614454,0.25857377,9.998186,-0.0023736479,0.00052359875,0.00040142573,-0.038399998,0.2428,9.8035,Walking_Type
-0.076614454,0.23942018,10.01734,-0.0023736479,0.00052359875,0.00040142573,-0.0376,0.2426,9.8035,Walking_Type
-0.076614454,0.23942018,10.01734,-0.0023736479,0.00052359875,0.00040142573,-0.0393,0.24309999,9.8035,Walking_Type
-0.076614454,0.23942018,10.01734,-0.0023736479,0.00052359875,0.00040142573,-0.0393,0.24309999,9.8035,Walking_Type
-0.076614454,0.23942018,10.01734,-0.0023736479,0.00052359875,0.00040142573,-0.038399998,0.2428,9.8035,Walking_Type
-0.076614454,0.23942018,10.01734,-0.0023736479,0.00052359875,0.00040142573,-0.038399998,0.2428,9.8035,Walking_Type
-0.076614454,0.23942018,10.01734,-0.0023736479,0.00052359875,0.00040142573,-0.0376,0.2426,9.8035,Walking_Type
-0.076614454,0.23942018,10.01734,-0.0023736479,0.00052359875,0.00040142573,-0.0376,0.2426,9.8035,Walking_Type
-0.076614454,0.23942018,10.01734,5.235988e-05,0.00052359875,0.00040142573,-0.0376,0.24229999,9.8035,Walking_Type
-0.076614454,0.23942018,10.01734,5.235988e-05,0.00052359875,0.00040142573,-0.0376,0.24229999,9.8035,Walking_Type
-0.038307227,0.22984336,10.036493,5.235988e-05,0.00052359875,0.00040142573,-0.037699997,0.2421,9.8035,Walking_Type
-0.038307227,0.22984336,10.036493,5.235988e-05,0.00052359875,0.00040142573,-0.038599998,0.2394,9.803599,Walking_Type
-0.038307227,0.22984336,10.036493,5.235988e-05,0.00052359875,0.00040142573,-0.038599998,0.2394,9.803599,Walking_Type
-0.038307227,0.22984336,10.036493,5.235988e-05,0.00052359875,0.00040142573,-0.0402,0.2395,9.803599,Walking_Type
-0.038307227,0.22984336,10.036493,5.235988e-05,0.00052359875,0.00040142573,-0.0402,0.2395,9.803599,Walking_Type
-0.038307227,0.22984336,10.036493,5.235988e-05,0.00052359875,0.00040142573,-0.040799998,0.2395,9.803599,Walking_Type
-0.038307227,0.22984336,10.036493,5.235988e-05,0.00052359875,0.00040142573,-0.040799998,0.2395,9.803599,Walking_Type
-0.038307227,0.22984336,10.036493,-0.0011519173,0.00052359875,-0.00080285146,-0.039,0.23789999,9.803599,Walking_Type
-0.038307227,0.22984336,10.036493,-0.0011519173,0.00052359875,-0.00080285146,-0.039,0.23789999,9.803599,Walking_Type
-0.038307227,0.22984336,10.036493,-0.0011519173,0.00052359875,-0.00080285146,-0.037299998,0.23799999,9.803599,Walking_Type
-0.02873042,0.23942018,10.0269165,-0.0011519173,0.00052359875,-0.00080285146,-0.037299998,0.23799999,9.803599,Walking_Type
-0.02873042,0.23942018,10.0269165,-0.0011519173,0.00052359875,-0.00080285146,-0.0374,0.2374,9.8036995,Walking_Type
-0.02873042,0.23942018,10.0269165,-0.0011519173,0.00052359875,-0.00080285146,-0.0374,0.2374,9.8036995,Walking_Type
-0.02873042,0.23942018,10.0269165,-0.0011519173,0.00052359875,-0.00080285146,-0.039899997,0.2384,9.803599,Walking_Type
-0.02873042,0.23942018,10.0269165,-0.0011519173,0.00052359875,-0.00080285146,-0.039899997,0.2384,9.803599,Walking_Type
-0.02873042,0.23942018,10.0269165,-0.0011519173,0.00052359875,-0.00080285146,-0.039,0.2386,9.803599,Walking_Type
-0.02873042,0.23942018,10.0269165,-0.0011519173,0.00052359875,-0.00080285146,-0.039,0.2386,9.803599,Walking_Type
-0.02873042,0.23942018,10.0269165,-0.0011519173,-0.0006806784,0.00040142573,-0.0389,0.23799999,9.803599,Walking_Type
-0.02873042,0.23942018,10.0269165,-0.0011519173,-0.0006806784,0.00040142573,-0.0389,0.23789999,9.803599,Walking_Type
-0.02873042,0.23942018,10.0269165,-0.0011519173,-0.0006806784,0.00040142573,-0.0389,0.23789999,9.803599,Walking_Type
-0.047884032,0.25857377,9.9790325,-0.0011519173,-0.0006806784,0.00040142573,-0.039699998,0.2382,9.803599,Walking_Type
-0.047884032,0.25857377,9.9790325,-0.0011519173,-0.0006806784,0.00040142573,-0.0396,0.2376,9.803599,Walking_Type
-0.047884032,0.25857377,9.9790325,-0.0011519173,-0.0006806784,0.00040142573,-0.0396,0.2376,9.803599,Walking_Type
-0.047884032,0.25857377,9.9790325,-0.0011519173,-0.0006806784,0.00040142573,-0.039499998,0.23699999,9.8036995,Walking_Type
-0.047884032,0.25857377,9.9790325,-0.0011519173,-0.0006806784,0.00040142573,-0.039499998,0.23699999,9.8036995,Walking_Type
-0.047884032,0.25857377,9.9790325,-0.0011519173,-0.0006806784,0.00040142573,-0.0403,0.2373,9.803599,Walking_Type
-0.047884032,0.25857377,9.9790325,-0.0011519173,-0.0006806784,0.00040142573,-0.0403,0.2373,9.803599,Walking_Type
-0.047884032,0.25857377,9.9790325,-0.0035953782,-0.0006806784,-0.00080285146,-0.0393,0.236,9.8036995,Walking_Type
-0.047884032,0.25857377,9.9790325,-0.0035953782,-0.0006806784,-0.00080285146,-0.0393,0.236,9.8036995,Walking_Type
-0.05746084,0.24899697,9.998186,-0.0035953782,-0.0006806784,-0.00080285146,-0.04,0.2373,9.803599,Walking_Type
-0.05746084,0.24899697,9.998186,-0.0035953782,-0.0006806784,-0.00080285146,-0.04,0.2373,9.803599,Walking_Type
-0.05746084,0.24899697,9.998186,-0.0035953782,-0.0006806784,-0.00080285146,-0.039899997,0.2368,9.8036995,Walking_Type
-0.05746084,0.24899697,9.998186,-0.0035953782,-0.0006806784,-0.00080285146,-0.039899997,0.2368,9.8036995,Walking_Type
-0.05746084,0.24899697,9.998186,-0.0035953782,-0.0006806784,-0.00080285146,-0.0365,0.2355,9.8036995,Walking_Type
-0.05746084,0.24899697,9.998186,-0.0035953782,-0.0006806784,-0.00080285146,-0.0367,0.2368,9.8036995,Walking_Type
-0.05746084,0.24899697,9.998186,-0.0035953782,-0.0006806784,-0.00080285146,-0.0367,0.2368,9.8036995,Walking_Type
-0.05746084,0.24899697,9.998186,5.235988e-05,0.00052359875,0.00040142573,-0.0367,0.2368,9.8036995,Walking_Type
-0.05746084,0.24899697,9.998186,5.235988e-05,0.00052359875,0.00040142573,-0.0368,0.2355,9.8036995,Walking_Type
-0.05746084,0.24899697,9.998186,5.235988e-05,0.00052359875,0.00040142573,-0.0368,0.2355,9.8036995,Walking_Type
-0.02873042,0.24899697,9.969456,5.235988e-05,0.00052359875,0.00040142573,-0.037,0.2359,9.8036995,Walking_Type
-0.02873042,0.24899697,9.969456,5.235988e-05,0.00052359875,0.00040142573,-0.037,0.2359,9.8036995,Walking_Type
-0.02873042,0.24899697,9.969456,5.235988e-05,0.00052359875,0.00040142573,-0.0387,0.23629999,9.8036995,Walking_Type
-0.02873042,0.24899697,9.969456,5.235988e-05,0.00052359875,0.00040142573,-0.039499998,0.2374,9.803599,Walking_Type
-0.02873042,0.24899697,9.969456,5.235988e-05,0.00052359875,0.00040142573,-0.039499998,0.2374,9.803599,Walking_Type
-0.02873042,0.24899697,9.969456,5.235988e-05,0.00052359875,0.00040142573,-0.0402,0.2377,9.803599,Walking_Type
-0.02873042,0.24899697,9.969456,5.235988e-05,0.00052359875,0.00040142573,-0.0402,0.2377,9.803599,Walking_Type
-0.02873042,0.24899697,9.969456,-0.0011519173,0.00052359875,-0.00080285146,-0.0393,0.23789999,9.803599,Walking_Type
-0.02873042,0.24899697,9.969456,-0.0011519173,0.00052359875,-0.00080285146,-0.0393,0.23789999,9.803599,Walking_Type
-0.02873042,0.24899697,9.969456,-0.0011519173,0.00052359875,-0.00080285146,-0.04,0.23809999,9.803599,Walking_Type
-0.06703765,0.25857377,9.9790325,-0.0011519173,0.00052359875,-0.00080285146,-0.04,0.23809999,9.803599,Walking_Type
-0.06703765,0.25857377,9.9790325,-0.0011519173,0.00052359875,-0.00080285146,-0.0382,0.2382,9.803599,Walking_Type
-0.06703765,0.25857377,9.9790325,-0.0011519173,0.00052359875,-0.00080285146,-0.0382,0.2382,9.803599,Walking_Type
-0.06703765,0.25857377,9.9790325,-0.0011519173,0.00052359875,-0.00080285146,-0.0383,0.2393,9.803599,Walking_Type
-0.06703765,0.25857377,9.9790325,-0.0011519173,0.00052359875,-0.00080285146,-0.0383,0.2393,9.803599,Walking_Type
-0.06703765,0.25857377,9.9790325,-0.0011519173,0.00052359875,-0.00080285146,-0.0391,0.2394,9.803599,Walking_Type
-0.06703765,0.25857377,9.9790325,-0.0011519173,0.00052359875,-0.00080285146,-0.0391,0.2394,9.803599,Walking_Type
-0.06703765,0.25857377,9.9790325,-0.0035953782,-0.0006806784,-0.00080285146,-0.0391,0.2394,9.803599,Walking_Type
-0.06703765,0.25857377,9.9790325,-0.0035953782,-0.0006806784,-0.00080285146,-0.0374,0.23879999,9.803599,Walking_Type
-0.05746084,0.25857377,9.998186,-0.0035953782,-0.0006806784,-0.00080285146,-0.0392,0.2391,9.803599,Walking_Type
-0.05746084,0.25857377,9.998186,-0.0035953782,-0.0006806784,-0.00080285146,-0.039899997,0.2393,9.803599,Walking_Type
-0.05746084,0.25857377,9.998186,-0.0035953782,-0.0006806784,-0.00080285146,-0.039899997,0.2393,9.803599,Walking_Type
-0.05746084,0.25857377,9.998186,-0.0035953782,-0.0006806784,-0.00080285146,-0.039899997,0.2393,9.803599,Walking_Type
-0.05746084,0.25857377,9.998186,-0.0035953782,-0.0006806784,-0.00080285146,-0.0407,0.23869999,9.803599,Walking_Type
-0.05746084,0.25857377,9.998186,-0.0035953782,-0.0006806784,-0.00080285146,-0.0405,0.23979999,9.803599,Walking_Type
-0.05746084,0.25857377,9.998186,-0.0035953782,-0.0006806784,-0.00080285146,-0.0405,0.23979999,9.803599,Walking_Type
-0.05746084,0.25857377,9.998186,-0.0023736479,-0.0006806784,0.00040142573,-0.0403,0.2384,9.803599,Walking_Type
-0.05746084,0.25857377,9.998186,-0.0023736479,-0.0006806784,0.00040142573,-0.0403,0.2384,9.803599,Walking_Type
-0.05746084,0.25857377,9.998186,-0.0023736479,-0.0006806784,0.00040142573,-0.0402,0.2386,9.803599,Walking_Type
-0.05746084,0.24899697,9.940725,-0.0023736479,-0.0006806784,0.00040142573,-0.0402,0.2386,9.803599,Walking_Type
-0.05746084,0.24899697,9.940725,-0.0023736479,-0.0006806784,0.00040142573,-0.0401,0.2364,9.8036995,Walking_Type
-0.05746084,0.24899697,9.940725,-0.0023736479,-0.0006806784,0.00040142573,-0.0401,0.2364,9.8036995,Walking_Type
-0.05746084,0.24899697,9.940725,-0.0023736479,-0.0006806784,0.00040142573,-0.040799998,0.23689999,9.8036995,Walking_Type
-0.05746084,0.24899697,9.940725,-0.0023736479,-0.0006806784,0.00040142573,-0.040799998,0.23689999,9.8036995,Walking_Type
-0.05746084,0.24899697,9.940725,-0.0023736479,-0.0006806784,0.00040142573,-0.040799998,0.23689999,9.8036995,Walking_Type
-0.05746084,0.24899697,9.940725,-0.0023736479,-0.0006806784,0.00040142573,-0.040599998,0.23809999,9.803599,Walking_Type
-0.05746084,0.24899697,9.940725,-0.0011519173,0.00052359875,-0.00080285146,-0.040599998,0.23809999,9.803599,Walking_Type
-0.05746084,0.24899697,9.940725,-0.0011519173,0.00052359875,-0.00080285146,-0.0404,0.2384,9.803599,Walking_Type
-0.05746084,0.24899697,9.940725,-0.0011519173,0.00052359875,-0.00080285146,-0.0404,0.2384,9.803599,Walking_Type
-0.05746084,0.23942018,9.931149,-0.0011519173,0.00052359875,-0.00080285146,-0.0411,0.2395,9.803599,Walking_Type
-0.05746084,0.23942018,9.931149,-0.0011519173,0.00052359875,-0.00080285146,-0.0411,0.2395,9.803599,Walking_Type
-0.05746084,0.23942018,9.931149,-0.0011519173,0.00052359875,-0.00080285146,-0.0409,0.23959999,9.803599,Walking_Type
-0.05746084,0.23942018,9.931149,-0.0011519173,0.00052359875,-0.00080285146,-0.0415,0.23979999,9.803599,Walking_Type
-0.05746084,0.23942018,9.931149,-0.0011519173,0.00052359875,-0.00080285146,-0.0415,0.23979999,9.803599,Walking_Type
-0.05746084,0.23942018,9.931149,-0.0011519173,0.00052359875,-0.00080285146,-0.0429,0.24069999,9.8035,Walking_Type
-0.05746084,0.23942018,9.931149,-0.0011519173,0.00052359875,-0.00080285146,-0.0429,0.24069999,9.8035,Walking_Type
-0.05746084,0.23942018,9.931149,-0.0011519173,0.00052359875,0.00040142573,-0.0425,0.2399,9.803599,Walking_Type
-0.05746084,0.23942018,9.931149,-0.0011519173,0.00052359875,0.00040142573,-0.0425,0.2399,9.803599,Walking_Type
-0.06703765,0.23942018,9.9790325,-0.0011519173,0.00052359875,0.00040142573,-0.0425,0.2399,9.803599,Walking_Type
-0.06703765,0.23942018,9.9790325,-0.0011519173,0.00052359875,0.00040142573,-0.0438,0.24,9.803599,Walking_Type
-0.06703765,0.23942018,9.9790325,-0.0011519173,0.00052359875,0.00040142573,-0.0442,0.2393,9.803599,Walking_Type
-0.06703765,0.23942018,9.9790325,-0.0011519173,0.00052359875,0.00040142573,-0.0437,0.2394,9.803599,Walking_Type
-0.06703765,0.23942018,9.9790325,-0.0011519173,0.00052359875,0.00040142573,-0.0437,0.2394,9.803599,Walking_Type
-0.06703765,0.23942018,9.9790325,-0.0011519173,0.00052359875,0.00040142573,-0.0433,0.2395,9.803599,Walking_Type
-0.06703765,0.23942018,9.9790325,-0.0011519173,0.00052359875,0.00040142573,-0.0433,0.2395,9.803599,Walking_Type
-0.06703765,0.23942018,9.9790325,-0.0011519173,-0.0006806784,0.00040142573,-0.044499997,0.24039999,9.8035,Walking_Type
-0.06703765,0.23942018,9.9790325,-0.0011519173,-0.0006806784,0.00040142573,-0.044499997,0.24039999,9.8035,Walking_Type
-0.06703765,0.23942018,9.9790325,-0.0011519173,-0.0006806784,0.00040142573,-0.044,0.24039999,9.803599,Walking_Type
-0.047884032,0.25857377,10.007763,-0.0011519173,-0.0006806784,0.00040142573,-0.044,0.24039999,9.803599,Walking_Type
-0.047884032,0.25857377,10.007763,-0.0011519173,-0.0006806784,0.00040142573,-0.0435,0.24039999,9.803599,Walking_Type
-0.047884032,0.25857377,10.007763,-0.0011519173,-0.0006806784,0.00040142573,-0.0435,0.24039999,9.803599,Walking_Type
-0.047884032,0.25857377,10.007763,-0.0011519173,-0.0006806784,0.00040142573,-0.0435,0.24039999,9.803599,Walking_Type
-0.047884032,0.25857377,10.007763,-0.0011519173,-0.0006806784,0.00040142573,-0.043899998,0.23959999,9.803599,Walking_Type
-0.047884032,0.25857377,10.007763,-0.0011519173,-0.0006806784,0.00040142573,-0.043899998,0.23959999,9.803599,Walking_Type
-0.047884032,0.25857377,10.007763,-0.0011519173,-0.0006806784,0.00040142573,-0.0442,0.24039999,9.803599,Walking_Type
-0.047884032,0.25857377,10.007763,-0.0023736479,0.00052359875,-0.00080285146,-0.0442,0.24039999,9.803599,Walking_Type
-0.047884032,0.25857377,10.007763,-0.0023736479,0.00052359875,-0.00080285146,-0.0429,0.23959999,9.803599,Walking_Type
-0.047884032,0.23942018,10.01734,-0.0023736479,0.00052359875,-0.00080285146,-0.0429,0.23959999,9.803599,Walking_Type
-0.047884032,0.23942018,10.01734,-0.0023736479,0.00052359875,-0.00080285146,-0.041699998,0.23969999,9.803599,Walking_Type
-0.047884032,0.23942018,10.01734,-0.0023736479,0.00052359875,-0.00080285146,-0.0414,0.23969999,9.803599,Walking_Type
-0.047884032,0.23942018,10.01734,-0.0023736479,0.00052359875,-0.00080285146,-0.0414,0.23969999,9.803599,Walking_Type
-0.047884032,0.23942018,10.01734,-0.0023736479,0.00052359875,-0.00080285146,-0.042,0.23809999,9.803599,Walking_Type
-0.047884032,0.23942018,10.01734,-0.0023736479,0.00052359875,-0.00080285146,-0.042,0.23809999,9.803599,Walking_Type
-0.047884032,0.23942018,10.01734,-0.0023736479,0.00052359875,-0.00080285146,-0.041699998,0.2383,9.803599,Walking_Type
-0.047884032,0.23942018,10.01734,-0.0023736479,0.00052359875,-0.00080285146,-0.040599998,0.2385,9.803599,Walking_Type
-0.047884032,0.23942018,10.01734,-0.0011519173,-0.0006806784,-0.00080285146,-0.040599998,0.2385,9.803599,Walking_Type
-0.047884032,0.23942018,10.01734,-0.0011519173,-0.0006806784,-0.00080285146,-0.0412,0.23779999,9.803599,Walking_Type
-0.06703765,0.25857377,10.036493,-0.0011519173,-0.0006806784,-0.00080285146,-0.0412,0.23779999,9.803599,Walking_Type
-0.06703765,0.25857377,10.036493,-0.0011519173,-0.0006806784,-0.00080285146,-0.0418,0.23879999,9.803599,Walking_Type
-0.06703765,0.25857377,10.036493,-0.0011519173,-0.0006806784,-0.00080285146,-0.0418,0.23879999,9.803599,Walking_Type
-0.06703765,0.25857377,10.036493,-0.0011519173,-0.0006806784,-0.00080285146,-0.0407,0.23889999,9.803599,Walking_Type
-0.06703765,0.25857377,10.036493,-0.0011519173,-0.0006806784,-0.00080285146,-0.0407,0.23889999,9.803599,Walking_Type
-0.06703765,0.25857377,10.036493,-0.0011519173,-0.0006806784,-0.00080285146,-0.039699998,0.23979999,9.803599,Walking_Type
-0.06703765,0.25857377,10.036493,-0.0011519173,-0.0006806784,-0.00080285146,-0.039699998,0.23979999,9.803599,Walking_Type
-0.06703765,0.25857377,10.036493,5.235988e-05,-0.0006806784,0.00040142573,-0.0404,0.239,9.803599,Walking_Type
-0.06703765,0.25857377,10.036493,5.235988e-05,-0.0006806784,0.00040142573,-0.0404,0.239,9.803599,Walking_Type
-0.06703765,0.25857377,10.036493,5.235988e-05,-0.0006806784,0.00040142573,-0.0402,0.23979999,9.803599,Walking_Type
-0.038307227,0.23942018,10.0269165,5.235988e-05,-0.0006806784,0.00040142573,-0.0402,0.23979999,9.803599,Walking_Type
-0.038307227,0.23942018,10.0269165,5.235988e-05,-0.0006806784,0.00040142573,-0.040799998,0.24069999,9.803599,Walking_Type
-0.038307227,0.23942018,10.0269165,5.235988e-05,-0.0006806784,0.00040142573,-0.040799998,0.24069999,9.803599,Walking_Type
-0.038307227,0.23942018,10.0269165,5.235988e-05,-0.0006806784,0.00040142573,-0.0423,0.24059999,9.803599,Walking_Type
-0.038307227,0.23942018,10.0269165,5.235988e-05,-0.0006806784,0.00040142573,-0.0423,0.24059999,9.803599,Walking_Type
-0.038307227,0.23942018,10.0269165,5.235988e-05,-0.0006806784,0.00040142573,-0.0403,0.24139999,9.8035,Walking_Type
-0.038307227,0.23942018,10.0269165,5.235988e-05,-0.0006806784,0.00040142573,-0.0403,0.24139999,9.8035,Walking_Type
-0.038307227,0.23942018,10.0269165,5.235988e-05,0.00052359875,0.00040142573,-0.0403,0.24139999,9.8035,Walking_Type
-0.038307227,0.23942018,10.0269165,5.235988e-05,0.00052359875,0.00040142573,-0.0393,0.24039999,9.803599,Walking_Type
-0.038307227,0.23942018,10.0269165,5.235988e-05,0.00052359875,0.00040142573,-0.0393,0.24039999,9.803599,Walking_Type
-0.05746084,0.24899697,10.007763,5.235988e-05,0.00052359875,0.00040142573,-0.0401,0.24049999,9.803599,Walking_Type
-0.05746084,0.24899697,10.007763,5.235988e-05,0.00052359875,0.00040142573,-0.0401,0.24049999,9.803599,Walking_Type
-0.05746084,0.24899697,10.007763,5.235988e-05,0.00052359875,0.00040142573,-0.0416,0.24129999,9.8035,Walking_Type
-0.05746084,0.24899697,10.007763,5.235988e-05,0.00052359875,0.00040142573,-0.039699998,0.24039999,9.803599,Walking_Type
-0.05746084,0.24899697,10.007763,5.235988e-05,0.00052359875,0.00040142573,-0.039699998,0.24039999,9.803599,Walking_Type
-0.05746084,0.24899697,10.007763,5.235988e-05,0.00052359875,0.00040142573,-0.0404,0.24039999,9.803599,Walking_Type
-0.05746084,0.24899697,10.007763,5.235988e-05,0.00052359875,0.00040142573,-0.0404,0.24039999,9.803599,Walking_Type
-0.05746084,0.24899697,10.007763,5.235988e-05,-0.0006806784,0.00040142573,-0.0402,0.23959999,9.803599,Walking_Type
-0.05746084,0.24899697,10.007763,5.235988e-05,-0.0006806784,0.00040142573,-0.0402,0.23959999,9.803599,Walking_Type
-0.047884032,0.22984336,9.9790325,5.235988e-05,-0.0006806784,0.00040142573,-0.0401,0.23809999,9.803599,Walking_Type
-0.047884032,0.22984336,9.9790325,5.235988e-05,-0.0006806784,0.00040142573,-0.0401,0.23809999,9.803599,Walking_Type
-0.047884032,0.22984336,9.9790325,5.235988e-05,-0.0006806784,0.00040142573,-0.040799998,0.2384,9.803599,Walking_Type
-0.047884032,0.22984336,9.9790325,5.235988e-05,-0.0006806784,0.00040142573,-0.040599998,0.2386,9.803599,Walking_Type
-0.047884032,0.22984336,9.9790325,5.235988e-05,-0.0006806784,0.00040142573,-0.040599998,0.2386,9.803599,Walking_Type
-0.047884032,0.22984336,9.9790325,5.235988e-05,-0.0006806784,0.00040142573,-0.0404,0.23869999,9.803599,Walking_Type
-0.047884032,0.22984336,9.9790325,5.235988e-05,-0.0006806784,0.00040142573,-0.0404,0.23869999,9.803599,Walking_Type
-0.047884032,0.22984336,9.9790325,5.235988e-05,-0.0006806784,0.00040142573,-0.0402,0.23889999,9.803599,Walking_Type
-0.047884032,0.22984336,9.9790325,5.235988e-05,-0.0006806784,0.00040142573,-0.0402,0.23889999,9.803599,Walking_Type
-0.047884032,0.22984336,9.9790325,5.235988e-05,-0.0006806784,0.00040142573,-0.0409,0.239,9.803599,Walking_Type
-0.047884032,0.23942018,9.998186,5.235988e-05,-0.0006806784,0.00040142573,-0.0409,0.239,9.803599,Walking_Type
-0.047884032,0.23942018,9.998186,5.235988e-05,-0.0006806784,0.00040142573,-0.0407,0.2391,9.803599,Walking_Type
-0.047884032,0.23942018,9.998186,5.235988e-05,-0.0006806784,0.00040142573,-0.0407,0.2391,9.803599,Walking_Type
-0.047884032,0.23942018,9.998186,5.235988e-05,-0.0006806784,0.00040142573,-0.0405,0.2392,9.803599,Walking_Type
-0.047884032,0.23942018,9.998186,5.235988e-05,-0.0006806784,0.00040142573,-0.0405,0.2392,9.803599,Walking_Type
-0.047884032,0.23942018,9.998186,5.235988e-05,-0.0006806784,0.00040142573,-0.0405,0.2392,9.803599,Walking_Type
-0.047884032,0.23942018,9.998186,5.235988e-05,-0.0006806784,0.00040142573,-0.039499998,0.2393,9.803599,Walking_Type
-0.047884032,0.23942018,9.998186,-0.0011519173,-0.0006806784,-0.00080285146,-0.039499998,0.2393,9.803599,Walking_Type
-0.047884032,0.23942018,9.998186,-0.0011519173,-0.0006806784,-0.00080285146,-0.038599998,0.2401,9.803599,Walking_Type
-0.047884032,0.23942018,9.998186,-0.0011519173,-0.0006806784,-0.00080285146,-0.038599998,0.2401,9.803599,Walking_Type
-0.06703765,0.23942018,10.01734,-0.0011519173,-0.0006806784,-0.00080285146,-0.0385,0.241,9.803599,Walking_Type
-0.06703765,0.23942018,10.01734,-0.0011519173,-0.0006806784,-0.00080285146,-0.0385,0.241,9.803599,Walking_Type
-0.06703765,0.23942018,10.01734,-0.0011519173,-0.0006806784,-0.00080285146,-0.037699997,0.2409,9.803599,Walking_Type
-0.06703765,0.23942018,10.01734,-0.0011519173,-0.0006806784,-0.00080285146,-0.037699997,0.2409,9.803599,Walking_Type
-0.06703765,0.23942018,10.01734,-0.0011519173,-0.0006806784,-0.00080285146,-0.0378,0.2408,9.803599,Walking_Type
-0.06703765,0.23942018,10.01734,-0.0011519173,-0.0006806784,-0.00080285146,-0.0378,0.2408,9.803599,Walking_Type
-0.06703765,0.23942018,10.01734,-0.0011519173,-0.0006806784,-0.00080285146,-0.038599998,0.24069999,9.803599,Walking_Type
-0.06703765,0.23942018,10.01734,-0.0011519173,-0.0006806784,-0.00080285146,-0.0394,0.24139999,9.8035,Walking_Type
-0.06703765,0.23942018,10.01734,-0.0011519173,-0.0006806784,-0.00080285146,-0.0394,0.24139999,9.8035,Walking_Type
-0.038307227,0.22984336,10.0269165,-0.0011519173,-0.0006806784,-0.00080285146,-0.0385,0.24129999,9.803599,Walking_Type
-0.038307227,0.22984336,10.0269165,-0.0011519173,-0.0006806784,-0.00080285146,-0.0385,0.24129999,9.803599,Walking_Type
-0.038307227,0.22984336,10.0269165,-0.0011519173,-0.0006806784,-0.00080285146,-0.0401,0.2403,9.803599,Walking_Type
-0.038307227,0.22984336,10.0269165,-0.0011519173,-0.0006806784,-0.00080285146,-0.0401,0.2403,9.803599,Walking_Type
-0.038307227,0.22984336,10.0269165,-0.0011519173,-0.0006806784,-0.00080285146,-0.037499998,0.2395,9.803599,Walking_Type
-0.038307227,0.22984336,10.0269165,-0.0011519173,-0.0006806784,-0.00080285146,-0.038399998,0.2386,9.803599,Walking_Type
-0.038307227,0.22984336,10.0269165,-0.0011519173,-0.0006806784,-0.00080285146,-0.038399998,0.2386,9.803599,Walking_Type
-0.038307227,0.22984336,10.0269165,-0.0011519173,-0.0006806784,0.00040142573,-0.0392,0.2395,9.803599,Walking_Type
-0.038307227,0.22984336,10.0269165,-0.0011519173,-0.0006806784,0.00040142573,-0.0392,0.2395,9.803599,Walking_Type
-0.038307227,0.22984336,10.0269165,-0.0011519173,-0.0006806784,0.00040142573,-0.0391,0.2403,9.803599,Walking_Type
-0.05746084,0.24899697,10.0269165,-0.0011519173,-0.0006806784,0.00040142573,-0.0391,0.2403,9.803599,Walking_Type
-0.05746084,0.24899697,10.0269165,-0.0011519173,-0.0006806784,0.00040142573,-0.039899997,0.2419,9.8035,Walking_Type
-0.05746084,0.24899697,10.0269165,-0.0011519173,-0.0006806784,0.00040142573,-0.039899997,0.2419,9.8035,Walking_Type
-0.05746084,0.24899697,10.0269165,-0.0011519173,-0.0006806784,0.00040142573,-0.039899997,0.2419,9.8035,Walking_Type
-0.05746084,0.24899697,10.0269165,-0.0011519173,-0.0006806784,0.00040142573,-0.0389,0.24249999,9.8035,Walking_Type
-0.05746084,0.24899697,10.0269165,-0.0011519173,-0.0006806784,0.00040142573,-0.0389,0.24249999,9.8035,Walking_Type
-0.05746084,0.24899697,10.0269165,-0.0011519173,-0.0006806784,0.00040142573,-0.038,0.24229999,9.8035,Walking_Type
-0.05746084,0.24899697,10.0269165,5.235988e-05,-0.0006806784,0.00040142573,-0.0381,0.2429,9.8035,Walking_Type
-0.05746084,0.24899697,10.0269165,5.235988e-05,-0.0006806784,0.00040142573,-0.0381,0.2429,9.8035,Walking_Type
-0.05746084,0.24899697,10.0269165,5.235988e-05,-0.0006806784,0.00040142573,-0.0389,0.2426,9.8035,Walking_Type
-0.02873042,0.23942018,10.036493,5.235988e-05,-0.0006806784,0.00040142573,-0.0389,0.2426,9.8035,Walking_Type
-0.02873042,0.23942018,10.036493,5.235988e-05,-0.0006806784,0.00040142573,-0.038799997,0.24319999,9.8035,Walking_Type
-0.02873042,0.23942018,10.036493,5.235988e-05,-0.0006806784,0.00040142573,-0.038799997,0.24309999,9.8035,Walking_Type
-0.02873042,0.23942018,10.036493,5.235988e-05,-0.0006806784,0.00040142573,-0.038799997,0.24309999,9.8035,Walking_Type
-0.02873042,0.23942018,10.036493,5.235988e-05,-0.0006806784,0.00040142573,-0.0396,0.2429,9.8035,Walking_Type
-0.02873042,0.23942018,10.036493,5.235988e-05,-0.0006806784,0.00040142573,-0.0411,0.2409,9.803599,Walking_Type
-0.02873042,0.23942018,10.036493,5.235988e-05,-0.0006806784,0.00040142573,-0.0411,0.2409,9.803599,Walking_Type
-0.02873042,0.23942018,10.036493,-0.0004886922,-0.00066322513,0.00038397242,-0.0409,0.2409,9.803599,Walking_Type
-0.02873042,0.23942018,10.036493,-0.0004886922,-0.00066322513,0.00038397242,-0.0407,0.24069999,9.803599,Walking_Type
-0.05746084,0.2681506,10.04607,-0.0004886922,-0.00066322513,0.00038397242,-0.0407,0.24069999,9.803599,Walking_Type
-0.05746084,0.2681506,10.04607,-0.0004886922,-0.00066322513,0.00038397242,-0.039699998,0.24069999,9.803599,Walking_Type
-0.05746084,0.2681506,10.04607,-0.0004886922,-0.00066322513,0.00038397242,-0.039699998,0.24069999,9.803599,Walking_Type
-0.05746084,0.2681506,10.04607,-0.0004886922,-0.00066322513,0.00038397242,-0.0387,0.24139999,9.803599,Walking_Type
-0.05746084,0.2681506,10.04607,-0.0004886922,-0.00066322513,0.00038397242,-0.0387,0.24139999,9.803599,Walking_Type
-0.05746084,0.2681506,10.04607,-0.0004886922,-0.00066322513,0.00038397242,-0.039499998,0.2412,9.803599,Walking_Type
-0.05746084,0.2681506,10.04607,-0.0004886922,-0.00066322513,0.00038397242,-0.039499998,0.2412,9.803599,Walking_Type
-0.05746084,0.2681506,10.04607,-0.0004886922,-0.00066322513,0.00038397242,-0.0402,0.2419,9.8035,Walking_Type
-0.05746084,0.2681506,10.04607,-0.0004886922,-0.00066322513,0.00038397242,-0.0402,0.2419,9.8035,Walking_Type
-0.05746084,0.2681506,10.04607,-0.0004886922,-0.00066322513,0.00038397242,-0.04,0.24159999,9.8035,Walking_Type
-0.05746084,0.24899697,10.04607,-0.0004886922,-0.00066322513,0.00038397242,-0.04,0.24159999,9.8035,Walking_Type
-0.05746084,0.24899697,10.04607,-0.0004886922,-0.00066322513,0.00038397242,-0.039899997,0.24149999,9.8035,Walking_Type
-0.05746084,0.24899697,10.04607,-0.0004886922,-0.00066322513,0.00038397242,-0.039899997,0.24149999,9.8035,Walking_Type
-0.05746084,0.24899697,10.04607,-0.0004886922,-0.00066322513,0.00038397242,-0.0398,0.23969999,9.803599,Walking_Type
-0.05746084,0.24899697,10.04607,-0.0004886922,-0.00066322513,0.00038397242,-0.0398,0.23969999,9.803599,Walking_Type
-0.05746084,0.24899697,10.04607,-0.0004886922,-0.00066322513,0.00038397242,-0.038799997,0.23879999,9.803599,Walking_Type
-0.05746084,0.24899697,10.04607,-0.0004886922,-0.00066322513,0.00038397242,-0.038799997,0.23879999,9.803599,Walking_Type
-0.05746084,0.24899697,10.04607,-0.0004886922,0.0005410521,-0.00082030473,-0.0396,0.23889999,9.803599,Walking_Type
-0.05746084,0.24899697,10.04607,-0.0004886922,0.0005410521,-0.00082030473,-0.0396,0.23889999,9.803599,Walking_Type
-0.05746084,0.25857377,10.0269165,-0.0004886922,0.0005410521,-0.00082030473,-0.0411,0.23979999,9.803599,Walking_Type
-0.05746084,0.25857377,10.0269165,-0.0004886922,0.0005410521,-0.00082030473,-0.0411,0.23979999,9.803599,Walking_Type
-0.05746084,0.25857377,10.0269165,-0.0004886922,0.0005410521,-0.00082030473,-0.0392,0.23979999,9.803599,Walking_Type
-0.05746084,0.25857377,10.0269165,-0.0004886922,0.0005410521,-0.00082030473,-0.0392,0.23979999,9.803599,Walking_Type
-0.05746084,0.25857377,10.0269165,-0.0004886922,0.0005410521,-0.00082030473,-0.0383,0.2399,9.803599,Walking_Type
-0.05746084,0.25857377,10.0269165,-0.0004886922,0.0005410521,-0.00082030473,-0.04,0.23979999,9.803599,Walking_Type
-0.05746084,0.25857377,10.0269165,-0.0004886922,0.0005410521,-0.00082030473,-0.04,0.23979999,9.803599,Walking_Type
-0.05746084,0.25857377,10.0269165,-0.0004886922,-0.00066322513,0.00038397242,-0.0398,0.23979999,9.803599,Walking_Type
-0.05746084,0.25857377,10.0269165,-0.0004886922,-0.00066322513,0.00038397242,-0.0398,0.23979999,9.803599,Walking_Type
-0.05746084,0.25857377,10.0269165,-0.0004886922,-0.00066322513,0.00038397242,-0.0389,0.23979999,9.803599,Walking_Type
-0.047884032,0.24899697,10.0269165,-0.0004886922,-0.00066322513,0.00038397242,-0.0389,0.23979999,9.803599,Walking_Type
-0.047884032,0.24899697,10.0269165,-0.0004886922,-0.00066322513,0.00038397242,-0.0405,0.23979999,9.803599,Walking_Type
-0.047884032,0.24899697,10.0269165,-0.0004886922,-0.00066322513,0.00038397242,-0.0405,0.23979999,9.803599,Walking_Type
-0.047884032,0.24899697,10.0269165,-0.0004886922,-0.00066322513,0.00038397242,-0.0411,0.239,9.803599,Walking_Type
-0.047884032,0.24899697,10.0269165,-0.0004886922,-0.00066322513,0.00038397242,-0.0411,0.239,9.803599,Walking_Type
-0.047884032,0.24899697,10.0269165,-0.0004886922,-0.00066322513,0.00038397242,-0.0401,0.2382,9.803599,Walking_Type
-0.047884032,0.24899697,10.0269165,-0.0004886922,-0.00066322513,0.00038397242,-0.0401,0.2382,9.803599,Walking_Type
-0.047884032,0.24899697,10.0269165,-0.0004886922,0.0005410521,-0.00082030473,-0.0416,0.2384,9.803599,Walking_Type
-0.047884032,0.24899697,10.0269165,-0.0004886922,0.0005410521,-0.00082030473,-0.0416,0.2384,9.803599,Walking_Type
-0.047884032,0.24899697,10.0269165,-0.0004886922,0.0005410521,-0.00082030473,-0.0404,0.2385,9.803599,Walking_Type
-0.038307227,0.23942018,10.036493,-0.0004886922,0.0005410521,-0.00082030473,-0.0404,0.2385,9.803599,Walking_Type
-0.038307227,0.23942018,10.036493,-0.0004886922,0.0005410521,-0.00082030473,-0.0411,0.2386,9.803599,Walking_Type
-0.038307227,0.23942018,10.036493,-0.0004886922,0.0005410521,-0.00082030473,-0.0411,0.2386,9.803599,Walking_Type
-0.038307227,0.23942018,10.036493,-0.0004886922,0.0005410521,-0.00082030473,-0.0411,0.2386,9.803599,Walking_Type
-0.038307227,0.23942018,10.036493,-0.0004886922,0.0005410521,-0.00082030473,-0.0425,0.23869999,9.803599,Walking_Type
-0.038307227,0.23942018,10.036493,-0.0004886922,0.0005410521,-0.00082030473,-0.0413,0.23879999,9.803599,Walking_Type
-0.038307227,0.23942018,10.036493,-0.0004886922,0.0005410521,-0.00082030473,-0.0413,0.23879999,9.803599,Walking_Type
-0.038307227,0.23942018,10.036493,-0.0004886922,-0.00066322513,0.00038397242,-0.041899998,0.23799999,9.803599,Walking_Type
-0.038307227,0.23942018,10.036493,-0.0004886922,-0.00066322513,0.00038397242,-0.041899998,0.23799999,9.803599,Walking_Type
-0.047884032,0.23942018,10.0269165,-0.0004886922,-0.00066322513,0.00038397242,-0.0416,0.2373,9.803599,Walking_Type
-0.047884032,0.23942018,10.0269165,-0.0004886922,-0.00066322513,0.00038397242,-0.0416,0.2373,9.803599,Walking_Type
-0.047884032,0.23942018,10.0269165,-0.0004886922,-0.00066322513,0.00038397242,-0.0413,0.2375,9.803599,Walking_Type
-0.047884032,0.23942018,10.0269165,-0.0004886922,-0.00066322513,0.00038397242,-0.0394,0.2377,9.803599,Walking_Type
